Workbook

Sheet Chart 1 - Graph
B2: Columbus Verification Status Summary | AP2: 42138
B3: No. | C3: IP | D3: RTL Designer | E3: Verification Engineer | G3: RTL Sim. | V3: FPGA | AB3: POST Sim. | AH3: ASIC | AN3: Last Updated | AR3: Remark / Coverage Waive
G4: F1 | I4: F2 | K4: F3 | M4: F1~3 | N4: Cov. SoC (F2,F3) | O4: Cov. S.A (F0,F1) | P4: Done | S4: Prog. | V4: Cases | W4: Pass | X4: Prog. | Z4: Done | AB4: Cases | AC4: Pass | AD4: Prog. | AE4: Done | AH4: Cases | AI4: Pass | AJ4: Prog. | AL4: Done | AN4: Date | AO4: RTL | AP4: FPGA | AQ4: ASIC
C5: IP | G5: Cases | H5: Pass | I5: Cases | J5: Pass | K5: Cases | L5: Pass | M5: Prog. | Q5: RTL Case | R5: RTL Pass | S5: % | T5: RTL | V5: FPGA Case | W5: FPGA Pass | X5: % | Y5: FPGA | AB5: Sim. Case | AC5: Sim. Pass | AF5: POST Sim. | AH5: ASIC Case | AI5: ASIC Pass | AK5: ASIC
B6: 1 | C6: =[1]Summary!$B$7 -> Cortex-M3 | D6: =[1]Summary!$C$7 -> 최호윤 수석 | E6: =[1]Summary!$D$7 -> 조성엽 책임 | G6: 10 | H6: 10 | I6: 12 | J6: 5 | K6: =[1]Summary!$I$7 -> 0 | L6: =[1]Summary!$J$7 -> 0 | M6: =[1]Summary!$K$7 -> - | N6: =[1]Summary!$L$7 -> 0 | O6: =[1]Summary!$M$7 -> 0 | P6: =[1]Summary!$N$7 -> - | Q6: =G6+I6+K6 -> 22 | R6: =H6+J6+L6 -> 15 | S6: =R6/Q6 -> 0.68181818 | V6: 30 | W6: 26 | X6: =W6/V6 -> 0.86666667 | Z6: =[1]Summary!$R$7 -> - | AB6: 20 | AC6: 10 | AD6: =AC6/AB6 -> 0.5 | AE6: =[1]Summary!$V$7 -> - | AH6: 20 | AI6: 5 | AJ6: =AI6/AH6 -> 0.25 | AL6: =[1]Summary!$Z$7 -> - | AN6: =[1]Summary!$AA$7 -> 42138 | AO6: =[1]Summary!$AB$7 -> ? | AP6: =[1]Summary!$AC$7 -> ? | AQ6: =[1]Summary!$AD$7 -> ? | AR6: =[1]Summary!$AE$7 -> RTL: POST: FPGA:
B7: 2 | C7: =[2]Summary!$B$7 -> HCT | D7: =[2]Summary!$C$7 -> 이원규 선임 | E7: =[2]Summary!$D$7 -> 박재우 책임 | G7: 15 | H7: 5 | I7: 12 | J7: 5 | K7: =[2]Summary!$I$7 -> 0 | L7: =[2]Summary!$J$7 -> 0 | M7: =[2]Summary!$K$7 -> - | N7: =[2]Summary!$L$7 -> 0 | O7: =[2]Summary!$M$7 -> 0 | P7: =[2]Summary!$N$7 -> - | Q7: =G7+I7+K7 -> 27 | R7: =H7+J7+L7 -> 10 | S7: =R7/Q7 -> 0.37037037 | V7: 40 | W7: 25 | X7: =W7/V7 -> 0.625 | Z7: =[2]Summary!$R$7 -> - | AB7: 30 | AC7: 20 | AD7: =AC7/AB7 -> 0.66666667 | AE7: =[2]Summary!$V$7 -> - | AH7: 30 | AI7: 2 | AJ7: =AI7/AH7 -> 0.066666667 | AL7: =[2]Summary!$Z$7 -> - | AN7: =[2]Summary!$AA$7 -> 42138 | AO7: =[2]Summary!$AB$7 -> ? | AP7: =[2]Summary!$AC$7 -> ? | AQ7: =[2]Summary!$AD$7 -> ? | AR7: =[2]Summary!$AE$7 -> RTL: POST: FPGA:
B8: 3 | C8: =[3]Summary!$B$7 -> FCT | D8: =[3]Summary!$C$7 -> 천동엽 책임 | E8: =[3]Summary!$D$7 -> 조성엽 책임 | G8: 20 | H8: 18 | I8: 20 | J8: 15 | K8: =[3]Summary!$I$7 -> 0 | L8: =[3]Summary!$J$7 -> 0 | M8: =[3]Summary!$K$7 -> - | N8: =[3]Summary!$L$7 -> 0 | O8: =[3]Summary!$M$7 -> 0 | P8: =[3]Summary!$N$7 -> - | Q8: =G8+I8+K8 -> 40 | R8: =H8+J8+L8 -> 33 | S8: =R8/Q8 -> 0.825 | V8: 30 | W8: 30 | X8: =W8/V8 -> 1 | Z8: =[3]Summary!$R$7 -> - | AB8: 30 | AC8: 25 | AD8: =AC8/AB8 -> 0.83333333 | AE8: =[3]Summary!$V$7 -> - | AH8: 30 | AI8: 3 | AJ8: =AI8/AH8 -> 0.1 | AL8: =[3]Summary!$Z$7 -> - | AN8: =[3]Summary!$AA$7 -> 42138 | AO8: =[3]Summary!$AB$7 -> ? | AP8: =[3]Summary!$AC$7 -> ? | AQ8: =[3]Summary!$AD$7 -> ? | AR8: =[3]Summary!$AE$7 -> RTL: POST: FPGA:
B9: 4 | C9: =[4]Summary!$B$7 -> Buffer Manager | D9: =[4]Summary!$C$7 -> 지대근 책임 | E9: =[4]Summary!$D$7 -> 조성엽 책임 | G9: 15 | H9: 10 | I9: 30 | J9: 20 | K9: =[4]Summary!$I$7 -> 0 | L9: =[4]Summary!$J$7 -> 0 | M9: =[4]Summary!$K$7 -> - | N9: =[4]Summary!$L$7 -> 0 | O9: =[4]Summary!$M$7 -> 0 | P9: =[4]Summary!$N$7 -> - | Q9: =G9+I9+K9 -> 45 | R9: =H9+J9+L9 -> 30 | S9: =R9/Q9 -> 0.66666667 | V9: 20 | W9: 20 | X9: =W9/V9 -> 1 | Z9: =[4]Summary!$R$7 -> - | AB9: 40 | AC9: 30 | AD9: =AC9/AB9 -> 0.75 | AE9: =[4]Summary!$V$7 -> - | AH9: 30 | AI9: 2 | AJ9: =AI9/AH9 -> 0.066666667 | AL9: =[4]Summary!$Z$7 -> - | AN9: =[4]Summary!$AA$7 -> 42138 | AO9: =[4]Summary!$AB$7 -> ? | AP9: =[4]Summary!$AC$7 -> ? | AQ9: =[4]Summary!$AD$7 -> ? | AR9: =[4]Summary!$AE$7 -> RTL: POST: FPGA:
B10: 5 | C10: =[5]Summary!$B$7 -> Search Engine | D10: =[5]Summary!$C$7 -> 김현욱 선임 | E10: =[5]Summary!$D$7 -> 김현욱 선임 | G10: 20 | H10: 16 | I10: 15 | J10: 10 | K10: =[5]Summary!$I$7 -> 0 | L10: =[5]Summary!$J$7 -> 0 | M10: =[5]Summary!$K$7 -> - | N10: =[5]Summary!$L$7 -> 0 | O10: =[5]Summary!$M$7 -> 0 | P10: =[5]Summary!$N$7 -> - | Q10: =G10+I10+K10 -> 35 | R10: =H10+J10+L10 -> 26 | S10: =R10/Q10 -> 0.74285714 | V10: 20 | W10: 20 | X10: =W10/V10 -> 1 | Z10: =[5]Summary!$R$7 -> - | AB10: 20 | AC10: 15 | AD10: =AC10/AB10 -> 0.75 | AE10: =[5]Summary!$V$7 -> - | AH10: 30 | AI10: 2 | AJ10: =AI10/AH10 -> 0.066666667 | AL10: =[5]Summary!$Z$7 -> - | AN10: =[5]Summary!$AA$7 -> 42138 | AO10: =[5]Summary!$AB$7 -> ? | AP10: =[5]Summary!$AC$7 -> ? | AQ10: =[5]Summary!$AD$7 -> ? | AR10: =[5]Summary!$AE$7 -> RTL: POST: FPGA:
B11: 6 | C11: =[6]Summary!$B$7 -> MTSE | D11: =[6]Summary!$C$7 -> 김현욱 선임 | E11: =[6]Summary!$D$7 -> 김현욱 선임 | G11: 15 | H11: 14 | I11: 20 | J11: 15 | K11: =[6]Summary!$I$7 -> 0 | L11: =[6]Summary!$J$7 -> 0 | M11: =[6]Summary!$K$7 -> - | N11: =[6]Summary!$L$7 -> 0 | O11: =[6]Summary!$M$7 -> 0 | P11: =[6]Summary!$N$7 -> - | Q11: =G11+I11+K11 -> 35 | R11: =H11+J11+L11 -> 29 | S11: =R11/Q11 -> 0.82857143 | V11: 30 | W11: 25 | X11: =W11/V11 -> 0.83333333 | Z11: =[6]Summary!$R$7 -> - | AB11: 20 | AC11: 15 | AD11: =AC11/AB11 -> 0.75 | AE11: =[6]Summary!$V$7 -> - | AH11: 30 | AI11: 4 | AJ11: =AI11/AH11 -> 0.13333333 | AL11: =[6]Summary!$Z$7 -> - | AN11: =[6]Summary!$AA$7 -> 42138 | AO11: =[6]Summary!$AB$7 -> ? | AP11: =[6]Summary!$AC$7 -> ? | AQ11: =[6]Summary!$AD$7 -> ? | AR11: =[6]Summary!$AE$7 -> RTL: POST: FPGA:
B12: 7 | C12: =[7]Summary!$B$7 -> System Memory | D12: =[7]Summary!$C$7 -> 김현욱 선임 | E12: =[7]Summary!$D$7 -> 김현욱 선임 | G12: 10 | H12: 8 | I12: 15 | J12: 12 | K12: =[7]Summary!$I$7 -> 0 | L12: =[7]Summary!$J$7 -> 0 | M12: =[7]Summary!$K$7 -> - | N12: =[7]Summary!$L$7 -> 0 | O12: =[7]Summary!$M$7 -> 0 | P12: =[7]Summary!$N$7 -> - | Q12: =G12+I12+K12 -> 25 | R12: =H12+J12+L12 -> 20 | S12: =R12/Q12 -> 0.8 | V12: 30 | W12: 20 | X12: =W12/V12 -> 0.66666667 | Z12: =[7]Summary!$R$7 -> - | AB12: 20 | AC12: 20 | AD12: =AC12/AB12 -> 1 | AE12: =[7]Summary!$V$7 -> - | AH12: 20 | AI12: 3 | AJ12: =AI12/AH12 -> 0.15 | AL12: =[7]Summary!$Z$7 -> - | AN12: =[7]Summary!$AA$7 -> 42138 | AO12: =[7]Summary!$AB$7 -> ? | AP12: =[7]Summary!$AC$7 -> ? | AQ12: =[7]Summary!$AD$7 -> ? | AR12: =[7]Summary!$AE$7 -> RTL: POST: FPGA:
B13: 8 | C13: =[8]Summary!$B$7 -> Data Buffer | D13: =[8]Summary!$C$7 -> 김현욱 선임 | E13: =[8]Summary!$D$7 -> 김현욱 선임 | G13: 8 | H13: 8 | I13: 18 | J13: 15 | K13: =[8]Summary!$I$7 -> 0 | L13: =[8]Summary!$J$7 -> 0 | M13: =[8]Summary!$K$7 -> - | N13: =[8]Summary!$L$7 -> 0 | O13: =[8]Summary!$M$7 -> 0 | P13: =[8]Summary!$N$7 -> - | Q13: =G13+I13+K13 -> 26 | R13: =H13+J13+L13 -> 23 | S13: =R13/Q13 -> 0.88461538 | V13: 40 | W13: 35 | X13: =W13/V13 -> 0.875 | Z13: =[8]Summary!$R$7 -> - | AB13: 20 | AC13: 18 | AD13: =AC13/AB13 -> 0.9 | AE13: =[8]Summary!$V$7 -> - | AH13: 20 | AI13: 4 | AJ13: =AI13/AH13 -> 0.2 | AL13: =[8]Summary!$Z$7 -> - | AN13: =[8]Summary!$AA$7 -> 42138 | AO13: =[8]Summary!$AB$7 -> ? | AP13: =[8]Summary!$AC$7 -> ? | AQ13: =[8]Summary!$AD$7 -> ? | AR13: =[8]Summary!$AE$7 -> RTL: POST: FPGA:
B14: 9 | C14: =[9]Summary!$B$7 -> DMA | D14: =[9]Summary!$C$7 -> 김현욱 선임 | E14: =[9]Summary!$D$7 -> 김현욱 선임 | G14: 9 | H14: 8 | I14: 30 | J14: 20 | K14: =[9]Summary!$I$7 -> 0 | L14: =[9]Summary!$J$7 -> 0 | M14: =[9]Summary!$K$7 -> - | N14: =[9]Summary!$L$7 -> 0 | O14: =[9]Summary!$M$7 -> 0 | P14: =[9]Summary!$N$7 -> - | Q14: =G14+I14+K14 -> 39 | R14: =H14+J14+L14 -> 28 | S14: =R14/Q14 -> 0.71794872 | V14: 50 | W14: 40 | X14: =W14/V14 -> 0.8 | Z14: =[9]Summary!$R$7 -> - | AB14: 20 | AC14: 20 | AD14: =AC14/AB14 -> 1 | AE14: =[9]Summary!$V$7 -> - | AH14: 20 | AI14: 2 | AJ14: =AI14/AH14 -> 0.1 | AL14: =[9]Summary!$Z$7 -> - | AN14: =[9]Summary!$AA$7 -> 42138 | AO14: =[9]Summary!$AB$7 -> ? | AP14: =[9]Summary!$AC$7 -> ? | AQ14: =[9]Summary!$AD$7 -> ? | AR14: =[9]Summary!$AE$7 -> RTL: POST: FPGA:
B15: 10 | C15: =[10]Summary!$B$7 -> Back Bone | D15: =[10]Summary!$C$7 -> 최호윤 수석 | E15: =[10]Summary!$D$7 -> 최호윤 수석 | G15: 30 | H15: 10 | I15: 30 | J15: 25 | K15: =[10]Summary!$I$7 -> 0 | L15: =[10]Summary!$J$7 -> 0 | M15: =[10]Summary!$K$7 -> - | N15: =[10]Summary!$L$7 -> 0 | O15: =[10]Summary!$M$7 -> 0 | P15: =[10]Summary!$N$7 -> - | Q15: =G15+I15+K15 -> 60 | R15: =H15+J15+L15 -> 35 | S15: =R15/Q15 -> 0.58333333 | V15: 20 | W15: 20 | X15: =W15/V15 -> 1 | Z15: =[10]Summary!$R$7 -> - | AB15: 20 | AC15: 15 | AD15: =AC15/AB15 -> 0.75 | AE15: =[10]Summary!$V$7 -> - | AH15: 20 | AI15: 5 | AJ15: =AI15/AH15 -> 0.25 | AL15: =[10]Summary!$Z$7 -> - | AN15: =[10]Summary!$AA$7 -> 42138 | AO15: =[10]Summary!$AB$7 -> ? | AP15: =[10]Summary!$AC$7 -> ? | AQ15: =[10]Summary!$AD$7 -> ? | AR15: =[10]Summary!$AE$7 -> RTL: POST: FPGA:
B16: 11 | C16: =[11]Summary!$B$7 -> System Controller | D16: =[11]Summary!$C$7 -> 김정욱 책임 | E16: =[11]Summary!$D$7 -> 김정욱 책임 | G16: 20 | H16: 18 | I16: 30 | J16: 22 | K16: =[11]Summary!$I$7 -> 0 | L16: =[11]Summary!$J$7 -> 0 | M16: =[11]Summary!$K$7 -> - | N16: =[11]Summary!$L$7 -> 0 | O16: =[11]Summary!$M$7 -> 0 | P16: =[11]Summary!$N$7 -> - | Q16: =G16+I16+K16 -> 50 | R16: =H16+J16+L16 -> 40 | S16: =R16/Q16 -> 0.8 | V16: 30 | W16: 15 | X16: =W16/V16 -> 0.5 | Z16: =[11]Summary!$R$7 -> - | AB16: 35 | AC16: 30 | AD16: =AC16/AB16 -> 0.85714286 | AE16: =[11]Summary!$V$7 -> - | AH16: 15 | AI16: 2 | AJ16: =AI16/AH16 -> 0.13333333 | AL16: =[11]Summary!$Z$7 -> - | AN16: =[11]Summary!$AA$7 -> 42138 | AO16: =[11]Summary!$AB$7 -> ? | AP16: =[11]Summary!$AC$7 -> ? | AQ16: =[11]Summary!$AD$7 -> ? | AR16: =[11]Summary!$AE$7 -> RTL: POST: FPGA:
B17: 12 | C17: =[12]Summary!$B$7 -> PMU | D17: =[12]Summary!$C$7 -> 김정욱 책임 | E17: =[12]Summary!$D$7 -> 김정욱 책임 | G17: 15 | H17: 14 | I17: 30 | J17: 25 | K17: =[12]Summary!$I$7 -> 0 | L17: =[12]Summary!$J$7 -> 0 | M17: =[12]Summary!$K$7 -> - | N17: =[12]Summary!$L$7 -> 0 | O17: =[12]Summary!$M$7 -> 0 | P17: =[12]Summary!$N$7 -> - | Q17: =G17+I17+K17 -> 45 | R17: =H17+J17+L17 -> 39 | S17: =R17/Q17 -> 0.86666667 | V17: 30 | W17: 15 | X17: =W17/V17 -> 0.5 | Z17: =[12]Summary!$R$7 -> - | AB17: 30 | AC17: 25 | AD17: =AC17/AB17 -> 0.83333333 | AE17: =[12]Summary!$V$7 -> - | AH17: 20 | AI17: 5 | AJ17: =AI17/AH17 -> 0.25 | AL17: =[12]Summary!$Z$7 -> - | AN17: =[12]Summary!$AA$7 -> 42138 | AO17: =[12]Summary!$AB$7 -> ? | AP17: =[12]Summary!$AC$7 -> ? | AQ17: =[12]Summary!$AD$7 -> ? | AR17: =[12]Summary!$AE$7 -> RTL: POST: FPGA:
B18: 13 | C18: =[13]Summary!$B$7 -> RPMB | D18: =[13]Summary!$C$7 -> 안병욱 선임 | E18: =[13]Summary!$D$7 -> 안병욱 선임 | G18: 20 | H18: 18 | I18: 35 | J18: 23 | K18: =[13]Summary!$I$7 -> 0 | L18: =[13]Summary!$J$7 -> 0 | M18: =[13]Summary!$K$7 -> - | N18: =[13]Summary!$L$7 -> 0 | O18: =[13]Summary!$M$7 -> 0 | P18: =[13]Summary!$N$7 -> - | Q18: =G18+I18+K18 -> 55 | R18: =H18+J18+L18 -> 41 | S18: =R18/Q18 -> 0.74545455 | V18: 20 | W18: 20 | X18: =W18/V18 -> 1 | Z18: =[13]Summary!$R$7 -> - | AB18: 30 | AC18: 25 | AD18: =AC18/AB18 -> 0.83333333 | AE18: =[13]Summary!$V$7 -> - | AH18: 25 | AI18: 2 | AJ18: =AI18/AH18 -> 0.08 | AL18: =[13]Summary!$Z$7 -> - | AN18: =[13]Summary!$AA$7 -> 42138 | AO18: =[13]Summary!$AB$7 -> ? | AP18: =[13]Summary!$AC$7 -> ? | AQ18: =[13]Summary!$AD$7 -> ? | AR18: =[13]Summary!$AE$7 -> RTL: POST: FPGA:
B19: 14 | C19: =[14]Summary!$B$7 -> Mail Box | D19: =[14]Summary!$C$7 -> 안병욱 선임 | E19: =[14]Summary!$D$7 -> 안병욱 선임 | G19: 30 | H19: 20 | I19: 20 | J19: 18 | K19: =[14]Summary!$I$7 -> 0 | L19: =[14]Summary!$J$7 -> 0 | M19: =[14]Summary!$K$7 -> - | N19: =[14]Summary!$L$7 -> 0 | O19: =[14]Summary!$M$7 -> 0 | P19: =[14]Summary!$N$7 -> - | Q19: =G19+I19+K19 -> 50 | R19: =H19+J19+L19 -> 38 | S19: =R19/Q19 -> 0.76 | V19: 35 | W19: 30 | X19: =W19/V19 -> 0.85714286 | Z19: =[14]Summary!$R$7 -> - | AB19: 30 | AC19: 24 | AD19: =AC19/AB19 -> 0.8 | AE19: =[14]Summary!$V$7 -> - | AH19: 25 | AI19: 5 | AJ19: =AI19/AH19 -> 0.2 | AL19: =[14]Summary!$Z$7 -> - | AN19: =[14]Summary!$AA$7 -> 42138 | AO19: =[14]Summary!$AB$7 -> ? | AP19: =[14]Summary!$AC$7 -> ? | AQ19: =[14]Summary!$AD$7 -> ? | AR19: =[14]Summary!$AE$7 -> RTL: POST: FPGA:
B20: 15 | C20: =[15]Summary!$B$7 -> Timer | D20: =[15]Summary!$C$7 -> 안병욱 선임 | E20: =[15]Summary!$D$7 -> 안병욱 선임 | G20: 15 | H20: 10 | I20: 20 | J20: 15 | K20: =[15]Summary!$I$7 -> 0 | L20: =[15]Summary!$J$7 -> 0 | M20: =[15]Summary!$K$7 -> - | N20: =[15]Summary!$L$7 -> 0 | O20: =[15]Summary!$M$7 -> 0 | P20: =[15]Summary!$N$7 -> - | Q20: =G20+I20+K20 -> 35 | R20: =H20+J20+L20 -> 25 | S20: =R20/Q20 -> 0.71428571 | V20: 35 | W20: 30 | X20: =W20/V20 -> 0.85714286 | Z20: =[15]Summary!$R$7 -> - | AB20: 30 | AC20: 28 | AD20: =AC20/AB20 -> 0.93333333 | AE20: =[15]Summary!$V$7 -> - | AH20: 25 | AI20: 10 | AJ20: =AI20/AH20 -> 0.4 | AL20: =[15]Summary!$Z$7 -> - | AN20: =[15]Summary!$AA$7 -> 42138 | AO20: =[15]Summary!$AB$7 -> ? | AP20: =[15]Summary!$AC$7 -> ? | AQ20: =[15]Summary!$AD$7 -> ? | AR20: =[15]Summary!$AE$7 -> RTL: POST: FPGA:
B21: 16 | C21: =[16]Summary!$B$7 -> WDT | D21: =[16]Summary!$C$7 -> 안병욱 선임 | E21: =[16]Summary!$D$7 -> 안병욱 선임 | G21: 18 | H21: 10 | I21: 20 | J21: 16 | K21: =[16]Summary!$I$7 -> 0 | L21: =[16]Summary!$J$7 -> 0 | M21: =[16]Summary!$K$7 -> - | N21: =[16]Summary!$L$7 -> 0 | O21: =[16]Summary!$M$7 -> 0 | P21: =[16]Summary!$N$7 -> - | Q21: =G21+I21+K21 -> 38 | R21: =H21+J21+L21 -> 26 | S21: =R21/Q21 -> 0.68421053 | V21: 35 | W21: 30 | X21: =W21/V21 -> 0.85714286 | Z21: =[16]Summary!$R$7 -> - | AB21: 40 | AC21: 32 | AD21: =AC21/AB21 -> 0.8 | AE21: =[16]Summary!$V$7 -> - | AH21: 20 | AI21: 2 | AJ21: =AI21/AH21 -> 0.1 | AL21: =[16]Summary!$Z$7 -> - | AN21: =[16]Summary!$AA$7 -> 42138 | AO21: =[16]Summary!$AB$7 -> ? | AP21: =[16]Summary!$AC$7 -> ? | AQ21: =[16]Summary!$AD$7 -> ? | AR21: =[16]Summary!$AE$7 -> RTL: POST: FPGA:
B22: 17 | C22: =[17]Summary!$B$7 -> UART | D22: =[17]Summary!$C$7 -> 안병욱 선임 | E22: =[17]Summary!$D$7 -> 안병욱 선임 | G22: 17 | H22: 15 | I22: 25 | J22: 20 | K22: =[17]Summary!$I$7 -> 0 | L22: =[17]Summary!$J$7 -> 0 | M22: =[17]Summary!$K$7 -> - | N22: =[17]Summary!$L$7 -> 0 | O22: =[17]Summary!$M$7 -> 0 | P22: =[17]Summary!$N$7 -> - | Q22: =G22+I22+K22 -> 42 | R22: =H22+J22+L22 -> 35 | S22: =R22/Q22 -> 0.83333333 | V22: 25 | W22: 30 | X22: =W22/V22 -> 1.2 | Z22: =[17]Summary!$R$7 -> - | AB22: 25 | AC22: 20 | AD22: =AC22/AB22 -> 0.8 | AE22: =[17]Summary!$V$7 -> - | AH22: 30 | AI22: 2 | AJ22: =AI22/AH22 -> 0.066666667 | AL22: =[17]Summary!$Z$7 -> - | AN22: =[17]Summary!$AA$7 -> 42138 | AO22: =[17]Summary!$AB$7 -> ? | AP22: =[17]Summary!$AC$7 -> ? | AQ22: =[17]Summary!$AD$7 -> ? | AR22: =[17]Summary!$AE$7 -> RTL: POST: FPGA:
B23: 18 | C23: =[18]Summary!$B$7 -> Clock Controller | D23: =[18]Summary!$C$7 -> 김정욱 책임 | E23: =[18]Summary!$D$7 -> 김정욱 책임 | G23: 16 | H23: 15 | I23: 25 | J23: 25 | K23: =[18]Summary!$I$7 -> 0 | L23: =[18]Summary!$J$7 -> 0 | M23: =[18]Summary!$K$7 -> - | N23: =[18]Summary!$L$7 -> 0 | O23: =[18]Summary!$M$7 -> 0 | P23: =[18]Summary!$N$7 -> - | Q23: =G23+I23+K23 -> 41 | R23: =H23+J23+L23 -> 40 | S23: =R23/Q23 -> 0.97560976 | V23: 25 | W23: 20 | X23: =W23/V23 -> 0.8 | Z23: =[18]Summary!$R$7 -> - | AB23: 25 | AC23: 25 | AD23: =AC23/AB23 -> 1 | AE23: =[18]Summary!$V$7 -> - | AH23: 30 | AI23: 5 | AJ23: =AI23/AH23 -> 0.16666667 | AL23: =[18]Summary!$Z$7 -> - | AN23: =[18]Summary!$AA$7 -> 42138 | AO23: =[18]Summary!$AB$7 -> ? | AP23: =[18]Summary!$AC$7 -> ? | AQ23: =[18]Summary!$AD$7 -> ? | AR23: =[18]Summary!$AE$7 -> RTL: POST: FPGA:
B24: 19 | C24: =[19]Summary!$B$7 -> Reset Controller | D24: =[19]Summary!$C$7 -> 김정욱 책임 | E24: =[19]Summary!$D$7 -> 김정욱 책임 | G24: 20 | H24: 13 | I24: 25 | J24: 22 | K24: =[19]Summary!$I$7 -> 0 | L24: =[19]Summary!$J$7 -> 0 | M24: =[19]Summary!$K$7 -> - | N24: =[19]Summary!$L$7 -> 0 | O24: =[19]Summary!$M$7 -> 0 | P24: =[19]Summary!$N$7 -> - | Q24: =G24+I24+K24 -> 45 | R24: =H24+J24+L24 -> 35 | S24: =R24/Q24 -> 0.77777778 | V24: 25 | W24: 20 | X24: =W24/V24 -> 0.8 | Z24: =[19]Summary!$R$7 -> - | AB24: 25 | AC24: 22 | AD24: =AC24/AB24 -> 0.88 | AE24: =[19]Summary!$V$7 -> - | AH24: 30 | AI24: 8 | AJ24: =AI24/AH24 -> 0.26666667 | AL24: =[19]Summary!$Z$7 -> - | AN24: =[19]Summary!$AA$7 -> 42138 | AO24: =[19]Summary!$AB$7 -> ? | AP24: =[19]Summary!$AC$7 -> ? | AQ24: =[19]Summary!$AD$7 -> ? | AR24: =[19]Summary!$AE$7 -> RTL: POST: FPGA:
B25: 20 | C25: =[20]Summary!$B$7 -> eFuse Controller | D25: =[20]Summary!$C$7 -> 안병욱 선임 | E25: =[20]Summary!$D$7 -> 안병욱 선임 | G25: 21 | H25: 20 | I25: 25 | J25: 22 | K25: =[20]Summary!$I$7 -> 0 | L25: =[20]Summary!$J$7 -> 0 | M25: =[20]Summary!$K$7 -> - | N25: =[20]Summary!$L$7 -> 0 | O25: =[20]Summary!$M$7 -> 0 | P25: =[20]Summary!$N$7 -> - | Q25: =G25+I25+K25 -> 46 | R25: =H25+J25+L25 -> 42 | S25: =R25/Q25 -> 0.91304348 | V25: 40 | W25: 35 | X25: =W25/V25 -> 0.875 | Z25: =[20]Summary!$R$7 -> - | AB25: 25 | AC25: 22 | AD25: =AC25/AB25 -> 0.88 | AE25: =[20]Summary!$V$7 -> - | AH25: 25 | AI25: 9 | AJ25: =AI25/AH25 -> 0.36 | AL25: =[20]Summary!$Z$7 -> - | AN25: =[20]Summary!$AA$7 -> 42138 | AO25: =[20]Summary!$AB$7 -> ? | AP25: =[20]Summary!$AC$7 -> ? | AQ25: =[20]Summary!$AD$7 -> ? | AR25: =[20]Summary!$AE$7 -> RTL: POST: FPGA:
B26: 21 | C26: =[21]Summary!$B$7 -> M-PHY | D26: =[21]Summary!$C$7 -> 이현주 선임 | E26: =[21]Summary!$D$7 -> 이현주 선임 | G26: 25 | H26: 22 | I26: 25 | J26: 23 | K26: =[21]Summary!$I$7 -> 0 | L26: =[21]Summary!$J$7 -> 0 | M26: =[21]Summary!$K$7 -> - | N26: =[21]Summary!$L$7 -> 0 | O26: =[21]Summary!$M$7 -> 0 | P26: =[21]Summary!$N$7 -> - | Q26: =G26+I26+K26 -> 50 | R26: =H26+J26+L26 -> 45 | S26: =R26/Q26 -> 0.9 | V26: 40 | W26: 30 | X26: =W26/V26 -> 0.75 | Z26: =[21]Summary!$R$7 -> - | AB26: 25 | AC26: 23 | AD26: =AC26/AB26 -> 0.92 | AE26: =[21]Summary!$V$7 -> - | AH26: 25 | AI26: 7 | AJ26: =AI26/AH26 -> 0.28 | AL26: =[21]Summary!$Z$7 -> - | AN26: =[21]Summary!$AA$7 -> 42138 | AO26: =[21]Summary!$AB$7 -> ? | AP26: =[21]Summary!$AC$7 -> ? | AQ26: =[21]Summary!$AD$7 -> ? | AR26: =[21]Summary!$AE$7 -> RTL: POST: FPGA:
B27: 22 | C27: =[22]Summary!$B$7 -> Nand PHY | D27: =[22]Summary!$C$7 -> 이종용 선임 | E27: =[22]Summary!$D$7 -> 이종용 선임 | G27: 20 | H27: 20 | I27: 30 | J27: 25 | K27: =[22]Summary!$I$7 -> 0 | L27: =[22]Summary!$J$7 -> 0 | M27: =[22]Summary!$K$7 -> - | N27: =[22]Summary!$L$7 -> 0 | O27: =[22]Summary!$M$7 -> 0 | P27: =[22]Summary!$N$7 -> - | Q27: =G27+I27+K27 -> 50 | R27: =H27+J27+L27 -> 45 | S27: =R27/Q27 -> 0.9 | V27: 35 | W27: 30 | X27: =W27/V27 -> 0.85714286 | Z27: =[22]Summary!$R$7 -> - | AB27: 30 | AC27: 30 | AD27: =AC27/AB27 -> 1 | AE27: =[22]Summary!$V$7 -> - | AH27: 30 | AI27: 5 | AJ27: =AI27/AH27 -> 0.16666667 | AL27: =[22]Summary!$Z$7 -> - | AN27: =[22]Summary!$AA$7 -> 42138 | AO27: =[22]Summary!$AB$7 -> ? | AP27: =[22]Summary!$AC$7 -> ? | AQ27: =[22]Summary!$AD$7 -> ? | AR27: =[22]Summary!$AE$7 -> RTL: POST: FPGA:
B28: 23 | C28: =[23]Summary!$B$7 -> Nand IO | D28: =[23]Summary!$C$7 -> 이종용 선임 | E28: =[23]Summary!$D$7 -> 이종용 선임 | G28: 30 | H28: 25 | I28: 35 | J28: 30 | K28: =[23]Summary!$I$7 -> 0 | L28: =[23]Summary!$J$7 -> 0 | M28: =[23]Summary!$K$7 -> - | N28: =[23]Summary!$L$7 -> 0 | O28: =[23]Summary!$M$7 -> 0 | P28: =[23]Summary!$N$7 -> - | Q28: =G28+I28+K28 -> 65 | R28: =H28+J28+L28 -> 55 | S28: =R28/Q28 -> 0.84615385 | V28: 35 | W28: 30 | X28: =W28/V28 -> 0.85714286 | Z28: =[23]Summary!$R$7 -> - | AB28: 20 | AC28: 18 | AD28: =AC28/AB28 -> 0.9 | AE28: =[23]Summary!$V$7 -> - | AH28: 30 | AI28: 8 | AJ28: =AI28/AH28 -> 0.26666667 | AL28: =[23]Summary!$Z$7 -> - | AN28: =[23]Summary!$AA$7 -> 42138 | AO28: =[23]Summary!$AB$7 -> ? | AP28: =[23]Summary!$AC$7 -> ? | AQ28: =[23]Summary!$AD$7 -> ? | AR28: =[23]Summary!$AE$7 -> RTL: POST: FPGA:
B29: 24 | C29: =[24]Summary!$B$7 -> Test Mux | D29: =[24]Summary!$C$7 -> 양창호 선임 | E29: =[24]Summary!$D$7 -> 양창호 선임 | G29: 35 | H29: 30 | I29: 20 | J29: 15 | K29: =[24]Summary!$I$7 -> 0 | L29: =[24]Summary!$J$7 -> 0 | M29: =[24]Summary!$K$7 -> - | N29: =[24]Summary!$L$7 -> 0 | O29: =[24]Summary!$M$7 -> 0 | P29: =[24]Summary!$N$7 -> - | Q29: =G29+I29+K29 -> 55 | R29: =H29+J29+L29 -> 45 | S29: =R29/Q29 -> 0.81818182 | V29: 20 | W29: 20 | X29: =W29/V29 -> 1 | Z29: =[24]Summary!$R$7 -> - | AB29: 30 | AC29: 15 | AD29: =AC29/AB29 -> 0.5 | AE29: =[24]Summary!$V$7 -> - | AH29: 25 | AI29: 2 | AJ29: =AI29/AH29 -> 0.08 | AL29: =[24]Summary!$Z$7 -> - | AN29: =[24]Summary!$AA$7 -> 42138 | AO29: =[24]Summary!$AB$7 -> ? | AP29: =[24]Summary!$AC$7 -> ? | AQ29: =[24]Summary!$AD$7 -> ? | AR29: =[24]Summary!$AE$7 -> RTL: POST: FPGA:
B30: 25 | C30: =[25]Summary!$B$7 -> HW Bypass | D30: =[25]Summary!$C$7 -> 양창호 선임 | E30: =[25]Summary!$D$7 -> 양창호 선임 | G30: 20 | H30: 20 | I30: 25 | J30: 25 | K30: =[25]Summary!$I$7 -> 0 | L30: =[25]Summary!$J$7 -> 0 | M30: =[25]Summary!$K$7 -> - | N30: =[25]Summary!$L$7 -> 0 | O30: =[25]Summary!$M$7 -> 0 | P30: =[25]Summary!$N$7 -> - | Q30: =G30+I30+K30 -> 45 | R30: =H30+J30+L30 -> 45 | S30: =R30/Q30 -> 1 | V30: 25 | W30: 20 | X30: =W30/V30 -> 0.8 | Z30: =[25]Summary!$R$7 -> - | AB30: 25 | AC30: 5 | AD30: =AC30/AB30 -> 0.2 | AE30: =[25]Summary!$V$7 -> - | AH30: 30 | AI30: 2 | AJ30: =AI30/AH30 -> 0.066666667 | AL30: =[25]Summary!$Z$7 -> - | AN30: =[25]Summary!$AA$7 -> 42138 | AO30: =[25]Summary!$AB$7 -> ? | AP30: =[25]Summary!$AC$7 -> ? | AQ30: =[25]Summary!$AD$7 -> ? | AR30: =[25]Summary!$AE$7 -> RTL: POST: FPGA:
B31: 26 | C31: =[26]Summary!$B$7 -> Analog IP | D31: =[26]Summary!$C$7 -> 양창호 선임 | E31: =[26]Summary!$D$7 -> 양창호 선임 | G31: 20 | H31: 18 | I31: 30 | J31: 30 | K31: =[26]Summary!$I$7 -> 0 | L31: =[26]Summary!$J$7 -> 0 | M31: =[26]Summary!$K$7 -> - | N31: =[26]Summary!$L$7 -> 0 | O31: =[26]Summary!$M$7 -> 0 | P31: =[26]Summary!$N$7 -> - | Q31: =G31+I31+K31 -> 50 | R31: =H31+J31+L31 -> 48 | S31: =R31/Q31 -> 0.96 | V31: 30 | W31: 20 | X31: =W31/V31 -> 0.66666667 | Z31: =[26]Summary!$R$7 -> - | AB31: 30 | AC31: 2 | AD31: =AC31/AB31 -> 0.066666667 | AE31: =[26]Summary!$V$7 -> - | AH31: 40 | AI31: 5 | AJ31: =AI31/AH31 -> 0.125 | AL31: =[26]Summary!$Z$7 -> - | AN31: =[26]Summary!$AA$7 -> 42138 | AO31: =[26]Summary!$AB$7 -> ? | AP31: =[26]Summary!$AC$7 -> ? | AQ31: =[26]Summary!$AD$7 -> ? | AR31: =[26]Summary!$AE$7 -> RTL: POST: FPGA:
B32: 27 | C32: =[27]Summary!$B$7 -> GPIO | D32: =[27]Summary!$C$7 -> 양창호 선임 | E32: =[27]Summary!$D$7 -> 양창호 선임 | G32: 20 | H32: 10 | I32: 40 | J32: 35 | K32: =[27]Summary!$I$7 -> 0 | L32: =[27]Summary!$J$7 -> 0 | M32: =[27]Summary!$K$7 -> - | N32: =[27]Summary!$L$7 -> 0 | O32: =[27]Summary!$M$7 -> 0 | P32: =[27]Summary!$N$7 -> - | Q32: =G32+I32+K32 -> 60 | R32: =H32+J32+L32 -> 45 | S32: =R32/Q32 -> 0.75 | V32: 30 | W32: 20 | X32: =W32/V32 -> 0.66666667 | Z32: =[27]Summary!$R$7 -> - | AB32: 20 | AC32: 3 | AD32: =AC32/AB32 -> 0.15 | AE32: =[27]Summary!$V$7 -> - | AH32: 50 | AI32: 2 | AJ32: =AI32/AH32 -> 0.04 | AL32: =[27]Summary!$Z$7 -> - | AN32: =[27]Summary!$AA$7 -> 42138 | AO32: =[27]Summary!$AB$7 -> ? | AP32: =[27]Summary!$AC$7 -> ? | AQ32: =[27]Summary!$AD$7 -> ? | AR32: =[27]Summary!$AE$7 -> RTL: POST: FPGA:
B33: - | C33: =[28]Summary!$B$7 -> End to End | D33: =[28]Summary!$C$7 -> ALL | E33: =[28]Summary!$D$7 -> 조성엽 책임 | G33: 10 | H33: 5 | I33: 10 | J33: =[28]Summary!$H$7 -> 0 | K33: =[28]Summary!$I$7 -> 0 | L33: =[28]Summary!$J$7 -> 0 | M33: =[28]Summary!$K$7 -> - | N33: =[28]Summary!$L$7 -> 0 | O33: =[28]Summary!$M$7 -> 0 | P33: =[28]Summary!$N$7 -> - | Q33: =G33+I33+K33 -> 20 | R33: =H33+J33+L33 -> 5 | S33: =R33/Q33 -> 0.25 | V33: 25 | W33: 15 | X33: =W33/V33 -> 0.6 | Z33: =[28]Summary!$R$7 -> - | AB33: 25 | AC33: 5 | AD33: =AC33/AB33 -> 0.2 | AE33: =[28]Summary!$V$7 -> - | AH33: 20 | AI33: 5 | AJ33: =AI33/AH33 -> 0.25 | AL33: =[28]Summary!$Z$7 -> - | AN33: =[28]Summary!$AA$7 -> 42138 | AO33: =[28]Summary!$AB$7 -> ? | AP33: =[28]Summary!$AC$7 -> ? | AQ33: =[28]Summary!$AD$7 -> ? | AR33: =[28]Summary!$AE$7 -> RTL: POST: FPGA:
B34: - | C34: =[29]Summary!$B$7 -> Post-Silicon Validation | D34: =[29]Summary!$C$7 -> ALL | E34: =[29]Summary!$D$7 -> ALL
B35: Sub Average | G35: =AVERAGE(G6:G33) -> 18.714286 | H35: =AVERAGE(H6:H33) -> 14.642857 | I35: =AVERAGE(I6:I33) -> 24 | J35: =AVERAGE(J6:J33) -> 19.035714 | K35: =AVERAGE(K6:K33) -> 0 | L35: =AVERAGE(L6:L33) -> 0 | N35: =AVERAGE(N7:N33) -> 0 | O35: =AVERAGE(O6:O33) -> 0 | Q35: =AVERAGE(Q6:Q33) -> 42.714286 | R35: =AVERAGE(R6:R33) -> 33.678571 | V35: =AVERAGE(V6:V33) -> 30.357143 | W35: =AVERAGE(W6:W33) -> 24.678571 | X35: - | AB35: =AVERAGE(AB6:AB33) -> 26.428571 | AC35: =AVERAGE(AC6:AC33) -> 19.357143 | AD35: - | AH35: =AVERAGE(AH6:AH33) -> 26.607143 | AI35: =AVERAGE(AI6:AI33) -> 4.2142857 | AJ35: -
B36: Sub Sum | G36: =SUM(G6:G33) -> 524 | H36: =SUM(H6:H33) -> 410 | I36: =SUM(I6:I33) -> 672 | J36: =SUM(J6:J33) -> 533 | K36: =SUM(K6:K33) -> 0 | L36: =SUM(L6:L33) -> 0 | M36: =IF(G36=0, "-", L36/G36) -> 0 | N36: - | O36: - | Q36: =SUM(Q6:Q33) -> 1196 | R36: =SUM(R6:R33) -> 943 | V36: =SUM(V6:V33) -> 850 | W36: =SUM(W6:W33) -> 691 | X36: =IF(V36=0, "-", W36/V36) -> 0.81294118 | AB36: =SUM(AB6:AB33) -> 740 | AC36: =SUM(AC6:AC33) -> 542 | AD36: =IF(AB36=0, "-", AC36/AB36) -> 0.73243243 | AH36: =SUM(AH6:AH33) -> 745 | AI36: =SUM(AI6:AI33) -> 118 | AJ36: =IF(AH36=0, "-", AI36/AH36) -> 0.15838926
B37: Total | V37: =G36+V36 -> 1374 | W37: =L36+W36 -> 691 | X37: =IF(V37=0, "-", W37/V37) -> 0.50291121
AN39: 1
AN40: 0.9
AN41: 0.7
AN42: 0.5
AN43: 0

Sheet Chart 1 - data
B2: Columbus Verification Status Summary | AK2: 42138
B3: No. | C3: IP | D3: RTL Designer | E3: Verification Engineer | G3: RTL Sim. | T3: FPGA | Y3: POST Sim. | AD3: ASIC | AI3: Last Updated | AM3: Remark / Coverage Waive
G4: F1 | I4: F2 | K4: F3 | M4: F1~3 | N4: Cov. SoC (F2,F3) | O4: Cov. S.A (F0,F1) | P4: Done | T4: Cases | U4: Pass | V4: Prog. | W4: Done | Y4: Cases | Z4: Pass | AA4: Prog. | AB4: Done | AD4: Cases | AE4: Pass | AF4: Prog. | AG4: Done | AI4: Date | AJ4: RTL | AK4: FPGA | AL4: ASIC
C5: IP | G5: Cases | H5: Pass | I5: Cases | J5: Pass | K5: Cases | L5: Pass | M5: Prog. | Q5: RTL Case | R5: RTL Pass | T5: FPGA Case | U5: FPGA Pass | Y5: Sim. Case | Z5: Sim. Pass | AD5: ASIC Case | AE5: ASIC Pass
B6: 1 | C6: =[1]Summary!$B$7 -> Cortex-M3 | D6: =[1]Summary!$C$7 -> 최호윤 수석 | E6: =[1]Summary!$D$7 -> 조성엽 책임 | G6: 10 | H6: 10 | I6: 12 | J6: 5 | K6: =[1]Summary!$I$7 -> 0 | L6: =[1]Summary!$J$7 -> 0 | M6: =[1]Summary!$K$7 -> - | N6: =[1]Summary!$L$7 -> 0 | O6: =[1]Summary!$M$7 -> 0 | P6: =[1]Summary!$N$7 -> - | Q6: =G6+I6+K6 -> 22 | R6: =H6+J6+L6 -> 15 | T6: 30 | U6: 26 | V6: =[1]Summary!$Q$7 -> - | W6: =[1]Summary!$R$7 -> - | Y6: 20 | Z6: 10 | AA6: =[1]Summary!$U$7 -> - | AB6: =[1]Summary!$V$7 -> - | AD6: 20 | AE6: 5 | AF6: =[1]Summary!$Y$7 -> - | AG6: =[1]Summary!$Z$7 -> - | AI6: =[1]Summary!$AA$7 -> 42138 | AJ6: =[1]Summary!$AB$7 -> ? | AK6: =[1]Summary!$AC$7 -> ? | AL6: =[1]Summary!$AD$7 -> ? | AM6: =[1]Summary!$AE$7 -> RTL: POST: FPGA:
B7: 2 | C7: =[2]Summary!$B$7 -> HCT | D7: =[2]Summary!$C$7 -> 이원규 선임 | E7: =[2]Summary!$D$7 -> 박재우 책임 | G7: 15 | H7: 5 | I7: 12 | J7: 5 | K7: =[2]Summary!$I$7 -> 0 | L7: =[2]Summary!$J$7 -> 0 | M7: =[2]Summary!$K$7 -> - | N7: =[2]Summary!$L$7 -> 0 | O7: =[2]Summary!$M$7 -> 0 | P7: =[2]Summary!$N$7 -> - | Q7: =G7+I7+K7 -> 27 | R7: =H7+J7+L7 -> 10 | T7: 40 | U7: 25 | V7: =[2]Summary!$Q$7 -> - | W7: =[2]Summary!$R$7 -> - | Y7: 30 | Z7: 20 | AA7: =[2]Summary!$U$7 -> - | AB7: =[2]Summary!$V$7 -> - | AD7: 30 | AE7: 2 | AF7: =[2]Summary!$Y$7 -> - | AG7: =[2]Summary!$Z$7 -> - | AI7: =[2]Summary!$AA$7 -> 42138 | AJ7: =[2]Summary!$AB$7 -> ? | AK7: =[2]Summary!$AC$7 -> ? | AL7: =[2]Summary!$AD$7 -> ? | AM7: =[2]Summary!$AE$7 -> RTL: POST: FPGA:
B8: 3 | C8: =[3]Summary!$B$7 -> FCT | D8: =[3]Summary!$C$7 -> 천동엽 책임 | E8: =[3]Summary!$D$7 -> 조성엽 책임 | G8: 20 | H8: 18 | I8: 20 | J8: 15 | K8: =[3]Summary!$I$7 -> 0 | L8: =[3]Summary!$J$7 -> 0 | M8: =[3]Summary!$K$7 -> - | N8: =[3]Summary!$L$7 -> 0 | O8: =[3]Summary!$M$7 -> 0 | P8: =[3]Summary!$N$7 -> - | Q8: =G8+I8+K8 -> 40 | R8: =H8+J8+L8 -> 33 | T8: 30 | U8: 30 | V8: =[3]Summary!$Q$7 -> - | W8: =[3]Summary!$R$7 -> - | Y8: 30 | Z8: 25 | AA8: =[3]Summary!$U$7 -> - | AB8: =[3]Summary!$V$7 -> - | AD8: 30 | AE8: 3 | AF8: =[3]Summary!$Y$7 -> - | AG8: =[3]Summary!$Z$7 -> - | AI8: =[3]Summary!$AA$7 -> 42138 | AJ8: =[3]Summary!$AB$7 -> ? | AK8: =[3]Summary!$AC$7 -> ? | AL8: =[3]Summary!$AD$7 -> ? | AM8: =[3]Summary!$AE$7 -> RTL: POST: FPGA:
B9: 4 | C9: =[4]Summary!$B$7 -> Buffer Manager | D9: =[4]Summary!$C$7 -> 지대근 책임 | E9: =[4]Summary!$D$7 -> 조성엽 책임 | G9: 15 | H9: 10 | I9: 30 | J9: 20 | K9: =[4]Summary!$I$7 -> 0 | L9: =[4]Summary!$J$7 -> 0 | M9: =[4]Summary!$K$7 -> - | N9: =[4]Summary!$L$7 -> 0 | O9: =[4]Summary!$M$7 -> 0 | P9: =[4]Summary!$N$7 -> - | Q9: =G9+I9+K9 -> 45 | R9: =H9+J9+L9 -> 30 | T9: 20 | U9: 20 | V9: =[4]Summary!$Q$7 -> - | W9: =[4]Summary!$R$7 -> - | Y9: 40 | Z9: 30 | AA9: =[4]Summary!$U$7 -> - | AB9: =[4]Summary!$V$7 -> - | AD9: 30 | AE9: 2 | AF9: =[4]Summary!$Y$7 -> - | AG9: =[4]Summary!$Z$7 -> - | AI9: =[4]Summary!$AA$7 -> 42138 | AJ9: =[4]Summary!$AB$7 -> ? | AK9: =[4]Summary!$AC$7 -> ? | AL9: =[4]Summary!$AD$7 -> ? | AM9: =[4]Summary!$AE$7 -> RTL: POST: FPGA:
B10: 5 | C10: =[5]Summary!$B$7 -> Search Engine | D10: =[5]Summary!$C$7 -> 김현욱 선임 | E10: =[5]Summary!$D$7 -> 김현욱 선임 | G10: 20 | H10: 16 | I10: 15 | J10: 10 | K10: =[5]Summary!$I$7 -> 0 | L10: =[5]Summary!$J$7 -> 0 | M10: =[5]Summary!$K$7 -> - | N10: =[5]Summary!$L$7 -> 0 | O10: =[5]Summary!$M$7 -> 0 | P10: =[5]Summary!$N$7 -> - | Q10: =G10+I10+K10 -> 35 | R10: =H10+J10+L10 -> 26 | T10: 20 | U10: 20 | V10: =[5]Summary!$Q$7 -> - | W10: =[5]Summary!$R$7 -> - | Y10: 20 | Z10: 15 | AA10: =[5]Summary!$U$7 -> - | AB10: =[5]Summary!$V$7 -> - | AD10: 30 | AE10: 2 | AF10: =[5]Summary!$Y$7 -> - | AG10: =[5]Summary!$Z$7 -> - | AI10: =[5]Summary!$AA$7 -> 42138 | AJ10: =[5]Summary!$AB$7 -> ? | AK10: =[5]Summary!$AC$7 -> ? | AL10: =[5]Summary!$AD$7 -> ? | AM10: =[5]Summary!$AE$7 -> RTL: POST: FPGA:
B11: 6 | C11: =[6]Summary!$B$7 -> MTSE | D11: =[6]Summary!$C$7 -> 김현욱 선임 | E11: =[6]Summary!$D$7 -> 김현욱 선임 | G11: 15 | H11: 14 | I11: 20 | J11: 15 | K11: =[6]Summary!$I$7 -> 0 | L11: =[6]Summary!$J$7 -> 0 | M11: =[6]Summary!$K$7 -> - | N11: =[6]Summary!$L$7 -> 0 | O11: =[6]Summary!$M$7 -> 0 | P11: =[6]Summary!$N$7 -> - | Q11: =G11+I11+K11 -> 35 | R11: =H11+J11+L11 -> 29 | T11: 30 | U11: 25 | V11: =[6]Summary!$Q$7 -> - | W11: =[6]Summary!$R$7 -> - | Y11: 20 | Z11: 15 | AA11: =[6]Summary!$U$7 -> - | AB11: =[6]Summary!$V$7 -> - | AD11: 30 | AE11: 4 | AF11: =[6]Summary!$Y$7 -> - | AG11: =[6]Summary!$Z$7 -> - | AI11: =[6]Summary!$AA$7 -> 42138 | AJ11: =[6]Summary!$AB$7 -> ? | AK11: =[6]Summary!$AC$7 -> ? | AL11: =[6]Summary!$AD$7 -> ? | AM11: =[6]Summary!$AE$7 -> RTL: POST: FPGA:
B12: 7 | C12: =[7]Summary!$B$7 -> System Memory | D12: =[7]Summary!$C$7 -> 김현욱 선임 | E12: =[7]Summary!$D$7 -> 김현욱 선임 | G12: 10 | H12: 8 | I12: 15 | J12: 12 | K12: =[7]Summary!$I$7 -> 0 | L12: =[7]Summary!$J$7 -> 0 | M12: =[7]Summary!$K$7 -> - | N12: =[7]Summary!$L$7 -> 0 | O12: =[7]Summary!$M$7 -> 0 | P12: =[7]Summary!$N$7 -> - | Q12: =G12+I12+K12 -> 25 | R12: =H12+J12+L12 -> 20 | T12: 30 | U12: 20 | V12: =[7]Summary!$Q$7 -> - | W12: =[7]Summary!$R$7 -> - | Y12: 20 | Z12: 20 | AA12: =[7]Summary!$U$7 -> - | AB12: =[7]Summary!$V$7 -> - | AD12: 20 | AE12: 3 | AF12: =[7]Summary!$Y$7 -> - | AG12: =[7]Summary!$Z$7 -> - | AI12: =[7]Summary!$AA$7 -> 42138 | AJ12: =[7]Summary!$AB$7 -> ? | AK12: =[7]Summary!$AC$7 -> ? | AL12: =[7]Summary!$AD$7 -> ? | AM12: =[7]Summary!$AE$7 -> RTL: POST: FPGA:
B13: 8 | C13: =[8]Summary!$B$7 -> Data Buffer | D13: =[8]Summary!$C$7 -> 김현욱 선임 | E13: =[8]Summary!$D$7 -> 김현욱 선임 | G13: 8 | H13: 8 | I13: 18 | J13: 15 | K13: =[8]Summary!$I$7 -> 0 | L13: =[8]Summary!$J$7 -> 0 | M13: =[8]Summary!$K$7 -> - | N13: =[8]Summary!$L$7 -> 0 | O13: =[8]Summary!$M$7 -> 0 | P13: =[8]Summary!$N$7 -> - | Q13: =G13+I13+K13 -> 26 | R13: =H13+J13+L13 -> 23 | T13: 40 | U13: 35 | V13: =[8]Summary!$Q$7 -> - | W13: =[8]Summary!$R$7 -> - | Y13: 20 | Z13: 18 | AA13: =[8]Summary!$U$7 -> - | AB13: =[8]Summary!$V$7 -> - | AD13: 20 | AE13: 4 | AF13: =[8]Summary!$Y$7 -> - | AG13: =[8]Summary!$Z$7 -> - | AI13: =[8]Summary!$AA$7 -> 42138 | AJ13: =[8]Summary!$AB$7 -> ? | AK13: =[8]Summary!$AC$7 -> ? | AL13: =[8]Summary!$AD$7 -> ? | AM13: =[8]Summary!$AE$7 -> RTL: POST: FPGA:
B14: 9 | C14: =[9]Summary!$B$7 -> DMA | D14: =[9]Summary!$C$7 -> 김현욱 선임 | E14: =[9]Summary!$D$7 -> 김현욱 선임 | G14: 9 | H14: 8 | I14: 30 | J14: 20 | K14: =[9]Summary!$I$7 -> 0 | L14: =[9]Summary!$J$7 -> 0 | M14: =[9]Summary!$K$7 -> - | N14: =[9]Summary!$L$7 -> 0 | O14: =[9]Summary!$M$7 -> 0 | P14: =[9]Summary!$N$7 -> - | Q14: =G14+I14+K14 -> 39 | R14: =H14+J14+L14 -> 28 | T14: 50 | U14: 40 | V14: =[9]Summary!$Q$7 -> - | W14: =[9]Summary!$R$7 -> - | Y14: 20 | Z14: 20 | AA14: =[9]Summary!$U$7 -> - | AB14: =[9]Summary!$V$7 -> - | AD14: 20 | AE14: 2 | AF14: =[9]Summary!$Y$7 -> - | AG14: =[9]Summary!$Z$7 -> - | AI14: =[9]Summary!$AA$7 -> 42138 | AJ14: =[9]Summary!$AB$7 -> ? | AK14: =[9]Summary!$AC$7 -> ? | AL14: =[9]Summary!$AD$7 -> ? | AM14: =[9]Summary!$AE$7 -> RTL: POST: FPGA:
B15: 10 | C15: =[10]Summary!$B$7 -> Back Bone | D15: =[10]Summary!$C$7 -> 최호윤 수석 | E15: =[10]Summary!$D$7 -> 최호윤 수석 | G15: 30 | H15: 10 | I15: 30 | J15: 25 | K15: =[10]Summary!$I$7 -> 0 | L15: =[10]Summary!$J$7 -> 0 | M15: =[10]Summary!$K$7 -> - | N15: =[10]Summary!$L$7 -> 0 | O15: =[10]Summary!$M$7 -> 0 | P15: =[10]Summary!$N$7 -> - | Q15: =G15+I15+K15 -> 60 | R15: =H15+J15+L15 -> 35 | T15: 20 | U15: 20 | V15: =[10]Summary!$Q$7 -> - | W15: =[10]Summary!$R$7 -> - | Y15: 20 | Z15: 15 | AA15: =[10]Summary!$U$7 -> - | AB15: =[10]Summary!$V$7 -> - | AD15: 20 | AE15: 5 | AF15: =[10]Summary!$Y$7 -> - | AG15: =[10]Summary!$Z$7 -> - | AI15: =[10]Summary!$AA$7 -> 42138 | AJ15: =[10]Summary!$AB$7 -> ? | AK15: =[10]Summary!$AC$7 -> ? | AL15: =[10]Summary!$AD$7 -> ? | AM15: =[10]Summary!$AE$7 -> RTL: POST: FPGA:
B16: 11 | C16: =[11]Summary!$B$7 -> System Controller | D16: =[11]Summary!$C$7 -> 김정욱 책임 | E16: =[11]Summary!$D$7 -> 김정욱 책임 | G16: 20 | H16: 18 | I16: 30 | J16: 22 | K16: =[11]Summary!$I$7 -> 0 | L16: =[11]Summary!$J$7 -> 0 | M16: =[11]Summary!$K$7 -> - | N16: =[11]Summary!$L$7 -> 0 | O16: =[11]Summary!$M$7 -> 0 | P16: =[11]Summary!$N$7 -> - | Q16: =G16+I16+K16 -> 50 | R16: =H16+J16+L16 -> 40 | T16: 30 | U16: 15 | V16: =[11]Summary!$Q$7 -> - | W16: =[11]Summary!$R$7 -> - | Y16: 35 | Z16: 30 | AA16: =[11]Summary!$U$7 -> - | AB16: =[11]Summary!$V$7 -> - | AD16: 15 | AE16: 2 | AF16: =[11]Summary!$Y$7 -> - | AG16: =[11]Summary!$Z$7 -> - | AI16: =[11]Summary!$AA$7 -> 42138 | AJ16: =[11]Summary!$AB$7 -> ? | AK16: =[11]Summary!$AC$7 -> ? | AL16: =[11]Summary!$AD$7 -> ? | AM16: =[11]Summary!$AE$7 -> RTL: POST: FPGA:
B17: 12 | C17: =[12]Summary!$B$7 -> PMU | D17: =[12]Summary!$C$7 -> 김정욱 책임 | E17: =[12]Summary!$D$7 -> 김정욱 책임 | G17: 15 | H17: 14 | I17: 30 | J17: 25 | K17: =[12]Summary!$I$7 -> 0 | L17: =[12]Summary!$J$7 -> 0 | M17: =[12]Summary!$K$7 -> - | N17: =[12]Summary!$L$7 -> 0 | O17: =[12]Summary!$M$7 -> 0 | P17: =[12]Summary!$N$7 -> - | Q17: =G17+I17+K17 -> 45 | R17: =H17+J17+L17 -> 39 | T17: 30 | U17: 15 | V17: =[12]Summary!$Q$7 -> - | W17: =[12]Summary!$R$7 -> - | Y17: 30 | Z17: 25 | AA17: =[12]Summary!$U$7 -> - | AB17: =[12]Summary!$V$7 -> - | AD17: 20 | AE17: 5 | AF17: =[12]Summary!$Y$7 -> - | AG17: =[12]Summary!$Z$7 -> - | AI17: =[12]Summary!$AA$7 -> 42138 | AJ17: =[12]Summary!$AB$7 -> ? | AK17: =[12]Summary!$AC$7 -> ? | AL17: =[12]Summary!$AD$7 -> ? | AM17: =[12]Summary!$AE$7 -> RTL: POST: FPGA:
B18: 13 | C18: =[13]Summary!$B$7 -> RPMB | D18: =[13]Summary!$C$7 -> 안병욱 선임 | E18: =[13]Summary!$D$7 -> 안병욱 선임 | G18: 20 | H18: 18 | I18: 35 | J18: 23 | K18: =[13]Summary!$I$7 -> 0 | L18: =[13]Summary!$J$7 -> 0 | M18: =[13]Summary!$K$7 -> - | N18: =[13]Summary!$L$7 -> 0 | O18: =[13]Summary!$M$7 -> 0 | P18: =[13]Summary!$N$7 -> - | Q18: =G18+I18+K18 -> 55 | R18: =H18+J18+L18 -> 41 | T18: 20 | U18: 20 | V18: =[13]Summary!$Q$7 -> - | W18: =[13]Summary!$R$7 -> - | Y18: 30 | Z18: 25 | AA18: =[13]Summary!$U$7 -> - | AB18: =[13]Summary!$V$7 -> - | AD18: 25 | AE18: 2 | AF18: =[13]Summary!$Y$7 -> - | AG18: =[13]Summary!$Z$7 -> - | AI18: =[13]Summary!$AA$7 -> 42138 | AJ18: =[13]Summary!$AB$7 -> ? | AK18: =[13]Summary!$AC$7 -> ? | AL18: =[13]Summary!$AD$7 -> ? | AM18: =[13]Summary!$AE$7 -> RTL: POST: FPGA:
B19: 14 | C19: =[14]Summary!$B$7 -> Mail Box | D19: =[14]Summary!$C$7 -> 안병욱 선임 | E19: =[14]Summary!$D$7 -> 안병욱 선임 | G19: 30 | H19: 20 | I19: 20 | J19: 18 | K19: =[14]Summary!$I$7 -> 0 | L19: =[14]Summary!$J$7 -> 0 | M19: =[14]Summary!$K$7 -> - | N19: =[14]Summary!$L$7 -> 0 | O19: =[14]Summary!$M$7 -> 0 | P19: =[14]Summary!$N$7 -> - | Q19: =G19+I19+K19 -> 50 | R19: =H19+J19+L19 -> 38 | T19: 35 | U19: 30 | V19: =[14]Summary!$Q$7 -> - | W19: =[14]Summary!$R$7 -> - | Y19: 30 | Z19: 24 | AA19: =[14]Summary!$U$7 -> - | AB19: =[14]Summary!$V$7 -> - | AD19: 25 | AE19: 5 | AF19: =[14]Summary!$Y$7 -> - | AG19: =[14]Summary!$Z$7 -> - | AI19: =[14]Summary!$AA$7 -> 42138 | AJ19: =[14]Summary!$AB$7 -> ? | AK19: =[14]Summary!$AC$7 -> ? | AL19: =[14]Summary!$AD$7 -> ? | AM19: =[14]Summary!$AE$7 -> RTL: POST: FPGA:
B20: 15 | C20: =[15]Summary!$B$7 -> Timer | D20: =[15]Summary!$C$7 -> 안병욱 선임 | E20: =[15]Summary!$D$7 -> 안병욱 선임 | G20: 15 | H20: 10 | I20: 20 | J20: 15 | K20: =[15]Summary!$I$7 -> 0 | L20: =[15]Summary!$J$7 -> 0 | M20: =[15]Summary!$K$7 -> - | N20: =[15]Summary!$L$7 -> 0 | O20: =[15]Summary!$M$7 -> 0 | P20: =[15]Summary!$N$7 -> - | Q20: =G20+I20+K20 -> 35 | R20: =H20+J20+L20 -> 25 | T20: 35 | U20: 30 | V20: =[15]Summary!$Q$7 -> - | W20: =[15]Summary!$R$7 -> - | Y20: 30 | Z20: 28 | AA20: =[15]Summary!$U$7 -> - | AB20: =[15]Summary!$V$7 -> - | AD20: 25 | AE20: 10 | AF20: =[15]Summary!$Y$7 -> - | AG20: =[15]Summary!$Z$7 -> - | AI20: =[15]Summary!$AA$7 -> 42138 | AJ20: =[15]Summary!$AB$7 -> ? | AK20: =[15]Summary!$AC$7 -> ? | AL20: =[15]Summary!$AD$7 -> ? | AM20: =[15]Summary!$AE$7 -> RTL: POST: FPGA:
B21: 16 | C21: =[16]Summary!$B$7 -> WDT | D21: =[16]Summary!$C$7 -> 안병욱 선임 | E21: =[16]Summary!$D$7 -> 안병욱 선임 | G21: 18 | H21: 10 | I21: 20 | J21: 16 | K21: =[16]Summary!$I$7 -> 0 | L21: =[16]Summary!$J$7 -> 0 | M21: =[16]Summary!$K$7 -> - | N21: =[16]Summary!$L$7 -> 0 | O21: =[16]Summary!$M$7 -> 0 | P21: =[16]Summary!$N$7 -> - | Q21: =G21+I21+K21 -> 38 | R21: =H21+J21+L21 -> 26 | T21: 35 | U21: 30 | V21: =[16]Summary!$Q$7 -> - | W21: =[16]Summary!$R$7 -> - | Y21: 40 | Z21: 32 | AA21: =[16]Summary!$U$7 -> - | AB21: =[16]Summary!$V$7 -> - | AD21: 20 | AE21: 2 | AF21: =[16]Summary!$Y$7 -> - | AG21: =[16]Summary!$Z$7 -> - | AI21: =[16]Summary!$AA$7 -> 42138 | AJ21: =[16]Summary!$AB$7 -> ? | AK21: =[16]Summary!$AC$7 -> ? | AL21: =[16]Summary!$AD$7 -> ? | AM21: =[16]Summary!$AE$7 -> RTL: POST: FPGA:
B22: 17 | C22: =[17]Summary!$B$7 -> UART | D22: =[17]Summary!$C$7 -> 안병욱 선임 | E22: =[17]Summary!$D$7 -> 안병욱 선임 | G22: 17 | H22: 15 | I22: 25 | J22: 20 | K22: =[17]Summary!$I$7 -> 0 | L22: =[17]Summary!$J$7 -> 0 | M22: =[17]Summary!$K$7 -> - | N22: =[17]Summary!$L$7 -> 0 | O22: =[17]Summary!$M$7 -> 0 | P22: =[17]Summary!$N$7 -> - | Q22: =G22+I22+K22 -> 42 | R22: =H22+J22+L22 -> 35 | T22: 25 | U22: 30 | V22: =[17]Summary!$Q$7 -> - | W22: =[17]Summary!$R$7 -> - | Y22: 25 | Z22: 20 | AA22: =[17]Summary!$U$7 -> - | AB22: =[17]Summary!$V$7 -> - | AD22: 30 | AE22: 2 | AF22: =[17]Summary!$Y$7 -> - | AG22: =[17]Summary!$Z$7 -> - | AI22: =[17]Summary!$AA$7 -> 42138 | AJ22: =[17]Summary!$AB$7 -> ? | AK22: =[17]Summary!$AC$7 -> ? | AL22: =[17]Summary!$AD$7 -> ? | AM22: =[17]Summary!$AE$7 -> RTL: POST: FPGA:
B23: 18 | C23: =[18]Summary!$B$7 -> Clock Controller | D23: =[18]Summary!$C$7 -> 김정욱 책임 | E23: =[18]Summary!$D$7 -> 김정욱 책임 | G23: 16 | H23: 15 | I23: 25 | J23: 25 | K23: =[18]Summary!$I$7 -> 0 | L23: =[18]Summary!$J$7 -> 0 | M23: =[18]Summary!$K$7 -> - | N23: =[18]Summary!$L$7 -> 0 | O23: =[18]Summary!$M$7 -> 0 | P23: =[18]Summary!$N$7 -> - | Q23: =G23+I23+K23 -> 41 | R23: =H23+J23+L23 -> 40 | T23: 25 | U23: 20 | V23: =[18]Summary!$Q$7 -> - | W23: =[18]Summary!$R$7 -> - | Y23: 25 | Z23: 25 | AA23: =[18]Summary!$U$7 -> - | AB23: =[18]Summary!$V$7 -> - | AD23: 30 | AE23: 5 | AF23: =[18]Summary!$Y$7 -> - | AG23: =[18]Summary!$Z$7 -> - | AI23: =[18]Summary!$AA$7 -> 42138 | AJ23: =[18]Summary!$AB$7 -> ? | AK23: =[18]Summary!$AC$7 -> ? | AL23: =[18]Summary!$AD$7 -> ? | AM23: =[18]Summary!$AE$7 -> RTL: POST: FPGA:
B24: 19 | C24: =[19]Summary!$B$7 -> Reset Controller | D24: =[19]Summary!$C$7 -> 김정욱 책임 | E24: =[19]Summary!$D$7 -> 김정욱 책임 | G24: 20 | H24: 13 | I24: 25 | J24: 22 | K24: =[19]Summary!$I$7 -> 0 | L24: =[19]Summary!$J$7 -> 0 | M24: =[19]Summary!$K$7 -> - | N24: =[19]Summary!$L$7 -> 0 | O24: =[19]Summary!$M$7 -> 0 | P24: =[19]Summary!$N$7 -> - | Q24: =G24+I24+K24 -> 45 | R24: =H24+J24+L24 -> 35 | T24: 25 | U24: 20 | V24: =[19]Summary!$Q$7 -> - | W24: =[19]Summary!$R$7 -> - | Y24: 25 | Z24: 22 | AA24: =[19]Summary!$U$7 -> - | AB24: =[19]Summary!$V$7 -> - | AD24: 30 | AE24: 8 | AF24: =[19]Summary!$Y$7 -> - | AG24: =[19]Summary!$Z$7 -> - | AI24: =[19]Summary!$AA$7 -> 42138 | AJ24: =[19]Summary!$AB$7 -> ? | AK24: =[19]Summary!$AC$7 -> ? | AL24: =[19]Summary!$AD$7 -> ? | AM24: =[19]Summary!$AE$7 -> RTL: POST: FPGA:
B25: 20 | C25: =[20]Summary!$B$7 -> eFuse Controller | D25: =[20]Summary!$C$7 -> 안병욱 선임 | E25: =[20]Summary!$D$7 -> 안병욱 선임 | G25: 21 | H25: 20 | I25: 25 | J25: 22 | K25: =[20]Summary!$I$7 -> 0 | L25: =[20]Summary!$J$7 -> 0 | M25: =[20]Summary!$K$7 -> - | N25: =[20]Summary!$L$7 -> 0 | O25: =[20]Summary!$M$7 -> 0 | P25: =[20]Summary!$N$7 -> - | Q25: =G25+I25+K25 -> 46 | R25: =H25+J25+L25 -> 42 | T25: 40 | U25: 35 | V25: =[20]Summary!$Q$7 -> - | W25: =[20]Summary!$R$7 -> - | Y25: 25 | Z25: 22 | AA25: =[20]Summary!$U$7 -> - | AB25: =[20]Summary!$V$7 -> - | AD25: 25 | AE25: 9 | AF25: =[20]Summary!$Y$7 -> - | AG25: =[20]Summary!$Z$7 -> - | AI25: =[20]Summary!$AA$7 -> 42138 | AJ25: =[20]Summary!$AB$7 -> ? | AK25: =[20]Summary!$AC$7 -> ? | AL25: =[20]Summary!$AD$7 -> ? | AM25: =[20]Summary!$AE$7 -> RTL: POST: FPGA:
B26: 21 | C26: =[21]Summary!$B$7 -> M-PHY | D26: =[21]Summary!$C$7 -> 이현주 선임 | E26: =[21]Summary!$D$7 -> 이현주 선임 | G26: 25 | H26: 22 | I26: 25 | J26: 23 | K26: =[21]Summary!$I$7 -> 0 | L26: =[21]Summary!$J$7 -> 0 | M26: =[21]Summary!$K$7 -> - | N26: =[21]Summary!$L$7 -> 0 | O26: =[21]Summary!$M$7 -> 0 | P26: =[21]Summary!$N$7 -> - | Q26: =G26+I26+K26 -> 50 | R26: =H26+J26+L26 -> 45 | T26: 40 | U26: 30 | V26: =[21]Summary!$Q$7 -> - | W26: =[21]Summary!$R$7 -> - | Y26: 25 | Z26: 23 | AA26: =[21]Summary!$U$7 -> - | AB26: =[21]Summary!$V$7 -> - | AD26: 25 | AE26: 7 | AF26: =[21]Summary!$Y$7 -> - | AG26: =[21]Summary!$Z$7 -> - | AI26: =[21]Summary!$AA$7 -> 42138 | AJ26: =[21]Summary!$AB$7 -> ? | AK26: =[21]Summary!$AC$7 -> ? | AL26: =[21]Summary!$AD$7 -> ? | AM26: =[21]Summary!$AE$7 -> RTL: POST: FPGA:
B27: 22 | C27: =[22]Summary!$B$7 -> Nand PHY | D27: =[22]Summary!$C$7 -> 이종용 선임 | E27: =[22]Summary!$D$7 -> 이종용 선임 | G27: 20 | H27: 20 | I27: 30 | J27: 25 | K27: =[22]Summary!$I$7 -> 0 | L27: =[22]Summary!$J$7 -> 0 | M27: =[22]Summary!$K$7 -> - | N27: =[22]Summary!$L$7 -> 0 | O27: =[22]Summary!$M$7 -> 0 | P27: =[22]Summary!$N$7 -> - | Q27: =G27+I27+K27 -> 50 | R27: =H27+J27+L27 -> 45 | T27: 35 | U27: 30 | V27: =[22]Summary!$Q$7 -> - | W27: =[22]Summary!$R$7 -> - | Y27: 30 | Z27: 30 | AA27: =[22]Summary!$U$7 -> - | AB27: =[22]Summary!$V$7 -> - | AD27: 30 | AE27: 5 | AF27: =[22]Summary!$Y$7 -> - | AG27: =[22]Summary!$Z$7 -> - | AI27: =[22]Summary!$AA$7 -> 42138 | AJ27: =[22]Summary!$AB$7 -> ? | AK27: =[22]Summary!$AC$7 -> ? | AL27: =[22]Summary!$AD$7 -> ? | AM27: =[22]Summary!$AE$7 -> RTL: POST: FPGA:
B28: 23 | C28: =[23]Summary!$B$7 -> Nand IO | D28: =[23]Summary!$C$7 -> 이종용 선임 | E28: =[23]Summary!$D$7 -> 이종용 선임 | G28: 30 | H28: 25 | I28: 35 | J28: 30 | K28: =[23]Summary!$I$7 -> 0 | L28: =[23]Summary!$J$7 -> 0 | M28: =[23]Summary!$K$7 -> - | N28: =[23]Summary!$L$7 -> 0 | O28: =[23]Summary!$M$7 -> 0 | P28: =[23]Summary!$N$7 -> - | Q28: =G28+I28+K28 -> 65 | R28: =H28+J28+L28 -> 55 | T28: 35 | U28: 30 | V28: =[23]Summary!$Q$7 -> - | W28: =[23]Summary!$R$7 -> - | Y28: 20 | Z28: 18 | AA28: =[23]Summary!$U$7 -> - | AB28: =[23]Summary!$V$7 -> - | AD28: 30 | AE28: 8 | AF28: =[23]Summary!$Y$7 -> - | AG28: =[23]Summary!$Z$7 -> - | AI28: =[23]Summary!$AA$7 -> 42138 | AJ28: =[23]Summary!$AB$7 -> ? | AK28: =[23]Summary!$AC$7 -> ? | AL28: =[23]Summary!$AD$7 -> ? | AM28: =[23]Summary!$AE$7 -> RTL: POST: FPGA:
B29: 24 | C29: =[24]Summary!$B$7 -> Test Mux | D29: =[24]Summary!$C$7 -> 양창호 선임 | E29: =[24]Summary!$D$7 -> 양창호 선임 | G29: 35 | H29: 30 | I29: 20 | J29: 15 | K29: =[24]Summary!$I$7 -> 0 | L29: =[24]Summary!$J$7 -> 0 | M29: =[24]Summary!$K$7 -> - | N29: =[24]Summary!$L$7 -> 0 | O29: =[24]Summary!$M$7 -> 0 | P29: =[24]Summary!$N$7 -> - | Q29: =G29+I29+K29 -> 55 | R29: =H29+J29+L29 -> 45 | T29: 20 | U29: 20 | V29: =[24]Summary!$Q$7 -> - | W29: =[24]Summary!$R$7 -> - | Y29: 30 | Z29: 15 | AA29: =[24]Summary!$U$7 -> - | AB29: =[24]Summary!$V$7 -> - | AD29: 25 | AE29: 2 | AF29: =[24]Summary!$Y$7 -> - | AG29: =[24]Summary!$Z$7 -> - | AI29: =[24]Summary!$AA$7 -> 42138 | AJ29: =[24]Summary!$AB$7 -> ? | AK29: =[24]Summary!$AC$7 -> ? | AL29: =[24]Summary!$AD$7 -> ? | AM29: =[24]Summary!$AE$7 -> RTL: POST: FPGA:
B30: 25 | C30: =[25]Summary!$B$7 -> HW Bypass | D30: =[25]Summary!$C$7 -> 양창호 선임 | E30: =[25]Summary!$D$7 -> 양창호 선임 | G30: 20 | H30: 20 | I30: 25 | J30: 25 | K30: =[25]Summary!$I$7 -> 0 | L30: =[25]Summary!$J$7 -> 0 | M30: =[25]Summary!$K$7 -> - | N30: =[25]Summary!$L$7 -> 0 | O30: =[25]Summary!$M$7 -> 0 | P30: =[25]Summary!$N$7 -> - | Q30: =G30+I30+K30 -> 45 | R30: =H30+J30+L30 -> 45 | T30: 25 | U30: 20 | V30: =[25]Summary!$Q$7 -> - | W30: =[25]Summary!$R$7 -> - | Y30: 25 | Z30: 5 | AA30: =[25]Summary!$U$7 -> - | AB30: =[25]Summary!$V$7 -> - | AD30: 30 | AE30: 2 | AF30: =[25]Summary!$Y$7 -> - | AG30: =[25]Summary!$Z$7 -> - | AI30: =[25]Summary!$AA$7 -> 42138 | AJ30: =[25]Summary!$AB$7 -> ? | AK30: =[25]Summary!$AC$7 -> ? | AL30: =[25]Summary!$AD$7 -> ? | AM30: =[25]Summary!$AE$7 -> RTL: POST: FPGA:
B31: 26 | C31: =[26]Summary!$B$7 -> Analog IP | D31: =[26]Summary!$C$7 -> 양창호 선임 | E31: =[26]Summary!$D$7 -> 양창호 선임 | G31: 20 | H31: 18 | I31: 30 | J31: 30 | K31: =[26]Summary!$I$7 -> 0 | L31: =[26]Summary!$J$7 -> 0 | M31: =[26]Summary!$K$7 -> - | N31: =[26]Summary!$L$7 -> 0 | O31: =[26]Summary!$M$7 -> 0 | P31: =[26]Summary!$N$7 -> - | Q31: =G31+I31+K31 -> 50 | R31: =H31+J31+L31 -> 48 | T31: 30 | U31: 20 | V31: =[26]Summary!$Q$7 -> - | W31: =[26]Summary!$R$7 -> - | Y31: 30 | Z31: 2 | AA31: =[26]Summary!$U$7 -> - | AB31: =[26]Summary!$V$7 -> - | AD31: 40 | AE31: 5 | AF31: =[26]Summary!$Y$7 -> - | AG31: =[26]Summary!$Z$7 -> - | AI31: =[26]Summary!$AA$7 -> 42138 | AJ31: =[26]Summary!$AB$7 -> ? | AK31: =[26]Summary!$AC$7 -> ? | AL31: =[26]Summary!$AD$7 -> ? | AM31: =[26]Summary!$AE$7 -> RTL: POST: FPGA:
B32: 27 | C32: =[27]Summary!$B$7 -> GPIO | D32: =[27]Summary!$C$7 -> 양창호 선임 | E32: =[27]Summary!$D$7 -> 양창호 선임 | G32: 20 | H32: 10 | I32: 40 | J32: 35 | K32: =[27]Summary!$I$7 -> 0 | L32: =[27]Summary!$J$7 -> 0 | M32: =[27]Summary!$K$7 -> - | N32: =[27]Summary!$L$7 -> 0 | O32: =[27]Summary!$M$7 -> 0 | P32: =[27]Summary!$N$7 -> - | Q32: =G32+I32+K32 -> 60 | R32: =H32+J32+L32 -> 45 | T32: 30 | U32: 20 | V32: =[27]Summary!$Q$7 -> - | W32: =[27]Summary!$R$7 -> - | Y32: 20 | Z32: 3 | AA32: =[27]Summary!$U$7 -> - | AB32: =[27]Summary!$V$7 -> - | AD32: 50 | AE32: 2 | AF32: =[27]Summary!$Y$7 -> - | AG32: =[27]Summary!$Z$7 -> - | AI32: =[27]Summary!$AA$7 -> 42138 | AJ32: =[27]Summary!$AB$7 -> ? | AK32: =[27]Summary!$AC$7 -> ? | AL32: =[27]Summary!$AD$7 -> ? | AM32: =[27]Summary!$AE$7 -> RTL: POST: FPGA:
B33: - | C33: =[28]Summary!$B$7 -> End to End | D33: =[28]Summary!$C$7 -> ALL | E33: =[28]Summary!$D$7 -> 조성엽 책임 | G33: 10 | H33: 5 | I33: 10 | J33: =[28]Summary!$H$7 -> 0 | K33: =[28]Summary!$I$7 -> 0 | L33: =[28]Summary!$J$7 -> 0 | M33: =[28]Summary!$K$7 -> - | N33: =[28]Summary!$L$7 -> 0 | O33: =[28]Summary!$M$7 -> 0 | P33: =[28]Summary!$N$7 -> - | Q33: =G33+I33+K33 -> 20 | R33: =H33+J33+L33 -> 5 | T33: 25 | U33: 15 | V33: =[28]Summary!$Q$7 -> - | W33: =[28]Summary!$R$7 -> - | Y33: 25 | Z33: 5 | AA33: =[28]Summary!$U$7 -> - | AB33: =[28]Summary!$V$7 -> - | AD33: 20 | AE33: 5 | AF33: =[28]Summary!$Y$7 -> - | AG33: =[28]Summary!$Z$7 -> - | AI33: =[28]Summary!$AA$7 -> 42138 | AJ33: =[28]Summary!$AB$7 -> ? | AK33: =[28]Summary!$AC$7 -> ? | AL33: =[28]Summary!$AD$7 -> ? | AM33: =[28]Summary!$AE$7 -> RTL: POST: FPGA:
B34: - | C34: =[29]Summary!$B$7 -> Post-Silicon Validation | D34: =[29]Summary!$C$7 -> ALL | E34: =[29]Summary!$D$7 -> ALL
B35: Sub Average | G35: =AVERAGE(G6:G33) -> 18.714286 | H35: =AVERAGE(H6:H33) -> 14.642857 | I35: =AVERAGE(I6:I33) -> 24 | J35: =AVERAGE(J6:J33) -> 19.035714 | K35: =AVERAGE(K6:K33) -> 0 | L35: =AVERAGE(L6:L33) -> 0 | N35: =AVERAGE(N7:N33) -> 0 | O35: =AVERAGE(O6:O33) -> 0 | Q35: =AVERAGE(Q6:Q33) -> 42.714286 | R35: =AVERAGE(R6:R33) -> 33.678571 | T35: =AVERAGE(T6:T33) -> 30.357143 | U35: =AVERAGE(U6:U33) -> 24.678571 | V35: - | Y35: =AVERAGE(Y6:Y33) -> 26.428571 | Z35: =AVERAGE(Z6:Z33) -> 19.357143 | AA35: - | AD35: =AVERAGE(AD6:AD33) -> 26.607143 | AE35: =AVERAGE(AE6:AE33) -> 4.2142857 | AF35: -
B36: Sub Sum | G36: =SUM(G6:G33) -> 524 | H36: =SUM(H6:H33) -> 410 | I36: =SUM(I6:I33) -> 672 | J36: =SUM(J6:J33) -> 533 | K36: =SUM(K6:K33) -> 0 | L36: =SUM(L6:L33) -> 0 | M36: =IF(G36=0, "-", L36/G36) -> 0 | N36: - | O36: - | Q36: =SUM(Q6:Q33) -> 1196 | R36: =SUM(R6:R33) -> 943 | T36: =SUM(T6:T33) -> 850 | U36: =SUM(U6:U33) -> 691 | V36: =IF(T36=0, "-", U36/T36) -> 0.81294118 | Y36: =SUM(Y6:Y33) -> 740 | Z36: =SUM(Z6:Z33) -> 542 | AA36: =IF(Y36=0, "-", Z36/Y36) -> 0.73243243 | AD36: =SUM(AD6:AD33) -> 745 | AE36: =SUM(AE6:AE33) -> 118 | AF36: =IF(AD36=0, "-", AE36/AD36) -> 0.15838926
B37: Total | T37: =G36+T36 -> 1374 | U37: =L36+U36 -> 691 | V37: =IF(T37=0, "-", U37/T37) -> 0.50291121
AI39: 1
AI40: 0.9
AI41: 0.7
AI42: 0.5
AI43: 0

Sheet Chart 1 - Graph (2)
B2: Columbus Verification Status Summary | AP2: 42138
B3: No. | C3: IP | D3: RTL Designer | E3: Verification Engineer | G3: RTL Sim. | V3: FPGA | AB3: POST Sim. | AH3: ASIC | AN3: Last Updated | AR3: Remark / Coverage Waive
G4: F1 | I4: F2 | K4: F3 | M4: F1~3 | N4: Cov. SoC (F2,F3) | O4: Cov. S.A (F0,F1) | P4: Done | S4: Prog. | V4: Cases | W4: Pass | X4: Prog. | Z4: Done | AB4: Cases | AC4: Pass | AD4: Prog. | AE4: Done | AH4: Cases | AI4: Pass | AJ4: Prog. | AL4: Done | AN4: Date | AO4: RTL | AP4: FPGA | AQ4: ASIC
C5: IP | G5: Cases | H5: Pass | I5: Cases | J5: Pass | K5: Cases | L5: Pass | M5: Prog. | Q5: RTL Case | R5: RTL Pass | S5: % | V5: FPGA Case | W5: FPGA Pass | X5: % | AB5: Sim. Case | AC5: Sim. Pass | AH5: ASIC Case | AI5: ASIC Pass
B6: 1 | C6: =[1]Summary!$B$7 -> Cortex-M3 | D6: =[1]Summary!$C$7 -> 최호윤 수석 | E6: =[1]Summary!$D$7 -> 조성엽 책임 | G6: 10 | H6: 10 | I6: 12 | J6: 5 | K6: =[1]Summary!$I$7 -> 0 | L6: =[1]Summary!$J$7 -> 0 | M6: =[1]Summary!$K$7 -> - | N6: =[1]Summary!$L$7 -> 0 | O6: =[1]Summary!$M$7 -> 0 | P6: =[1]Summary!$N$7 -> - | Q6: =G6+I6+K6 -> 22 | R6: =H6+J6+L6 -> 15 | S6: =R6/Q6 -> 0.68181818 | V6: 30 | W6: 26 | X6: =W6/V6 -> 0.86666667 | Z6: =[1]Summary!$R$7 -> - | AB6: 20 | AC6: 10 | AD6: =AC6/AB6 -> 0.5 | AE6: =[1]Summary!$V$7 -> - | AH6: 20 | AI6: 5 | AJ6: =AI6/AH6 -> 0.25 | AL6: =[1]Summary!$Z$7 -> - | AN6: =[1]Summary!$AA$7 -> 42138 | AO6: =[1]Summary!$AB$7 -> ? | AP6: =[1]Summary!$AC$7 -> ? | AQ6: =[1]Summary!$AD$7 -> ? | AR6: =[1]Summary!$AE$7 -> RTL: POST: FPGA:
B7: 2 | C7: =[2]Summary!$B$7 -> HCT | D7: =[2]Summary!$C$7 -> 이원규 선임 | E7: =[2]Summary!$D$7 -> 박재우 책임 | G7: 15 | H7: 5 | I7: 12 | J7: 5 | K7: =[2]Summary!$I$7 -> 0 | L7: =[2]Summary!$J$7 -> 0 | M7: =[2]Summary!$K$7 -> - | N7: =[2]Summary!$L$7 -> 0 | O7: =[2]Summary!$M$7 -> 0 | P7: =[2]Summary!$N$7 -> - | Q7: =G7+I7+K7 -> 27 | R7: =H7+J7+L7 -> 10 | S7: =R7/Q7 -> 0.37037037 | V7: 40 | W7: 25 | X7: =W7/V7 -> 0.625 | Z7: =[2]Summary!$R$7 -> - | AB7: 30 | AC7: 20 | AD7: =AC7/AB7 -> 0.66666667 | AE7: =[2]Summary!$V$7 -> - | AH7: 30 | AI7: 2 | AJ7: =AI7/AH7 -> 0.066666667 | AL7: =[2]Summary!$Z$7 -> - | AN7: =[2]Summary!$AA$7 -> 42138 | AO7: =[2]Summary!$AB$7 -> ? | AP7: =[2]Summary!$AC$7 -> ? | AQ7: =[2]Summary!$AD$7 -> ? | AR7: =[2]Summary!$AE$7 -> RTL: POST: FPGA:
B8: 3 | C8: =[3]Summary!$B$7 -> FCT | D8: =[3]Summary!$C$7 -> 천동엽 책임 | E8: =[3]Summary!$D$7 -> 조성엽 책임 | G8: 20 | H8: 18 | I8: 20 | J8: 15 | K8: =[3]Summary!$I$7 -> 0 | L8: =[3]Summary!$J$7 -> 0 | M8: =[3]Summary!$K$7 -> - | N8: =[3]Summary!$L$7 -> 0 | O8: =[3]Summary!$M$7 -> 0 | P8: =[3]Summary!$N$7 -> - | Q8: =G8+I8+K8 -> 40 | R8: =H8+J8+L8 -> 33 | S8: =R8/Q8 -> 0.825 | V8: 30 | W8: 30 | X8: =W8/V8 -> 1 | Z8: =[3]Summary!$R$7 -> - | AB8: 30 | AC8: 25 | AD8: =AC8/AB8 -> 0.83333333 | AE8: =[3]Summary!$V$7 -> - | AH8: 30 | AI8: 3 | AJ8: =AI8/AH8 -> 0.1 | AL8: =[3]Summary!$Z$7 -> - | AN8: =[3]Summary!$AA$7 -> 42138 | AO8: =[3]Summary!$AB$7 -> ? | AP8: =[3]Summary!$AC$7 -> ? | AQ8: =[3]Summary!$AD$7 -> ? | AR8: =[3]Summary!$AE$7 -> RTL: POST: FPGA:
B9: 4 | C9: =[4]Summary!$B$7 -> Buffer Manager | D9: =[4]Summary!$C$7 -> 지대근 책임 | E9: =[4]Summary!$D$7 -> 조성엽 책임 | G9: 15 | H9: 10 | I9: 30 | J9: 20 | K9: =[4]Summary!$I$7 -> 0 | L9: =[4]Summary!$J$7 -> 0 | M9: =[4]Summary!$K$7 -> - | N9: =[4]Summary!$L$7 -> 0 | O9: =[4]Summary!$M$7 -> 0 | P9: =[4]Summary!$N$7 -> - | Q9: =G9+I9+K9 -> 45 | R9: =H9+J9+L9 -> 30 | S9: =R9/Q9 -> 0.66666667 | V9: 20 | W9: 20 | X9: =W9/V9 -> 1 | Z9: =[4]Summary!$R$7 -> - | AB9: 40 | AC9: 30 | AD9: =AC9/AB9 -> 0.75 | AE9: =[4]Summary!$V$7 -> - | AH9: 30 | AI9: 2 | AJ9: =AI9/AH9 -> 0.066666667 | AL9: =[4]Summary!$Z$7 -> - | AN9: =[4]Summary!$AA$7 -> 42138 | AO9: =[4]Summary!$AB$7 -> ? | AP9: =[4]Summary!$AC$7 -> ? | AQ9: =[4]Summary!$AD$7 -> ? | AR9: =[4]Summary!$AE$7 -> RTL: POST: FPGA:
B10: 5 | C10: =[5]Summary!$B$7 -> Search Engine | D10: =[5]Summary!$C$7 -> 김현욱 선임 | E10: =[5]Summary!$D$7 -> 김현욱 선임 | G10: 20 | H10: 16 | I10: 15 | J10: 10 | K10: =[5]Summary!$I$7 -> 0 | L10: =[5]Summary!$J$7 -> 0 | M10: =[5]Summary!$K$7 -> - | N10: =[5]Summary!$L$7 -> 0 | O10: =[5]Summary!$M$7 -> 0 | P10: =[5]Summary!$N$7 -> - | Q10: =G10+I10+K10 -> 35 | R10: =H10+J10+L10 -> 26 | S10: =R10/Q10 -> 0.74285714 | V10: 20 | W10: 20 | X10: =W10/V10 -> 1 | Z10: =[5]Summary!$R$7 -> - | AB10: 20 | AC10: 15 | AD10: =AC10/AB10 -> 0.75 | AE10: =[5]Summary!$V$7 -> - | AH10: 30 | AI10: 2 | AJ10: =AI10/AH10 -> 0.066666667 | AL10: =[5]Summary!$Z$7 -> - | AN10: =[5]Summary!$AA$7 -> 42138 | AO10: =[5]Summary!$AB$7 -> ? | AP10: =[5]Summary!$AC$7 -> ? | AQ10: =[5]Summary!$AD$7 -> ? | AR10: =[5]Summary!$AE$7 -> RTL: POST: FPGA:
B11: 6 | C11: =[6]Summary!$B$7 -> MTSE | D11: =[6]Summary!$C$7 -> 김현욱 선임 | E11: =[6]Summary!$D$7 -> 김현욱 선임 | G11: 15 | H11: 14 | I11: 20 | J11: 15 | K11: =[6]Summary!$I$7 -> 0 | L11: =[6]Summary!$J$7 -> 0 | M11: =[6]Summary!$K$7 -> - | N11: =[6]Summary!$L$7 -> 0 | O11: =[6]Summary!$M$7 -> 0 | P11: =[6]Summary!$N$7 -> - | Q11: =G11+I11+K11 -> 35 | R11: =H11+J11+L11 -> 29 | S11: =R11/Q11 -> 0.82857143 | V11: 30 | W11: 25 | X11: =W11/V11 -> 0.83333333 | Z11: =[6]Summary!$R$7 -> - | AB11: 20 | AC11: 15 | AD11: =AC11/AB11 -> 0.75 | AE11: =[6]Summary!$V$7 -> - | AH11: 30 | AI11: 4 | AJ11: =AI11/AH11 -> 0.13333333 | AL11: =[6]Summary!$Z$7 -> - | AN11: =[6]Summary!$AA$7 -> 42138 | AO11: =[6]Summary!$AB$7 -> ? | AP11: =[6]Summary!$AC$7 -> ? | AQ11: =[6]Summary!$AD$7 -> ? | AR11: =[6]Summary!$AE$7 -> RTL: POST: FPGA:
B12: 7 | C12: =[7]Summary!$B$7 -> System Memory | D12: =[7]Summary!$C$7 -> 김현욱 선임 | E12: =[7]Summary!$D$7 -> 김현욱 선임 | G12: 10 | H12: 8 | I12: 15 | J12: 12 | K12: =[7]Summary!$I$7 -> 0 | L12: =[7]Summary!$J$7 -> 0 | M12: =[7]Summary!$K$7 -> - | N12: =[7]Summary!$L$7 -> 0 | O12: =[7]Summary!$M$7 -> 0 | P12: =[7]Summary!$N$7 -> - | Q12: =G12+I12+K12 -> 25 | R12: =H12+J12+L12 -> 20 | S12: =R12/Q12 -> 0.8 | V12: 30 | W12: 20 | X12: =W12/V12 -> 0.66666667 | Z12: =[7]Summary!$R$7 -> - | AB12: 20 | AC12: 20 | AD12: =AC12/AB12 -> 1 | AE12: =[7]Summary!$V$7 -> - | AH12: 20 | AI12: 3 | AJ12: =AI12/AH12 -> 0.15 | AL12: =[7]Summary!$Z$7 -> - | AN12: =[7]Summary!$AA$7 -> 42138 | AO12: =[7]Summary!$AB$7 -> ? | AP12: =[7]Summary!$AC$7 -> ? | AQ12: =[7]Summary!$AD$7 -> ? | AR12: =[7]Summary!$AE$7 -> RTL: POST: FPGA:
B13: 8 | C13: =[8]Summary!$B$7 -> Data Buffer | D13: =[8]Summary!$C$7 -> 김현욱 선임 | E13: =[8]Summary!$D$7 -> 김현욱 선임 | G13: 8 | H13: 8 | I13: 18 | J13: 15 | K13: =[8]Summary!$I$7 -> 0 | L13: =[8]Summary!$J$7 -> 0 | M13: =[8]Summary!$K$7 -> - | N13: =[8]Summary!$L$7 -> 0 | O13: =[8]Summary!$M$7 -> 0 | P13: =[8]Summary!$N$7 -> - | Q13: =G13+I13+K13 -> 26 | R13: =H13+J13+L13 -> 23 | S13: =R13/Q13 -> 0.88461538 | V13: 40 | W13: 35 | X13: =W13/V13 -> 0.875 | Z13: =[8]Summary!$R$7 -> - | AB13: 20 | AC13: 18 | AD13: =AC13/AB13 -> 0.9 | AE13: =[8]Summary!$V$7 -> - | AH13: 20 | AI13: 4 | AJ13: =AI13/AH13 -> 0.2 | AL13: =[8]Summary!$Z$7 -> - | AN13: =[8]Summary!$AA$7 -> 42138 | AO13: =[8]Summary!$AB$7 -> ? | AP13: =[8]Summary!$AC$7 -> ? | AQ13: =[8]Summary!$AD$7 -> ? | AR13: =[8]Summary!$AE$7 -> RTL: POST: FPGA:
B14: 9 | C14: =[9]Summary!$B$7 -> DMA | D14: =[9]Summary!$C$7 -> 김현욱 선임 | E14: =[9]Summary!$D$7 -> 김현욱 선임 | G14: 9 | H14: 8 | I14: 30 | J14: 20 | K14: =[9]Summary!$I$7 -> 0 | L14: =[9]Summary!$J$7 -> 0 | M14: =[9]Summary!$K$7 -> - | N14: =[9]Summary!$L$7 -> 0 | O14: =[9]Summary!$M$7 -> 0 | P14: =[9]Summary!$N$7 -> - | Q14: =G14+I14+K14 -> 39 | R14: =H14+J14+L14 -> 28 | S14: =R14/Q14 -> 0.71794872 | V14: 50 | W14: 40 | X14: =W14/V14 -> 0.8 | Z14: =[9]Summary!$R$7 -> - | AB14: 20 | AC14: 20 | AD14: =AC14/AB14 -> 1 | AE14: =[9]Summary!$V$7 -> - | AH14: 20 | AI14: 2 | AJ14: =AI14/AH14 -> 0.1 | AL14: =[9]Summary!$Z$7 -> - | AN14: =[9]Summary!$AA$7 -> 42138 | AO14: =[9]Summary!$AB$7 -> ? | AP14: =[9]Summary!$AC$7 -> ? | AQ14: =[9]Summary!$AD$7 -> ? | AR14: =[9]Summary!$AE$7 -> RTL: POST: FPGA:
B15: 10 | C15: =[10]Summary!$B$7 -> Back Bone | D15: =[10]Summary!$C$7 -> 최호윤 수석 | E15: =[10]Summary!$D$7 -> 최호윤 수석 | G15: 30 | H15: 10 | I15: 30 | J15: 25 | K15: =[10]Summary!$I$7 -> 0 | L15: =[10]Summary!$J$7 -> 0 | M15: =[10]Summary!$K$7 -> - | N15: =[10]Summary!$L$7 -> 0 | O15: =[10]Summary!$M$7 -> 0 | P15: =[10]Summary!$N$7 -> - | Q15: =G15+I15+K15 -> 60 | R15: =H15+J15+L15 -> 35 | S15: =R15/Q15 -> 0.58333333 | V15: 20 | W15: 20 | X15: =W15/V15 -> 1 | Z15: =[10]Summary!$R$7 -> - | AB15: 20 | AC15: 15 | AD15: =AC15/AB15 -> 0.75 | AE15: =[10]Summary!$V$7 -> - | AH15: 20 | AI15: 5 | AJ15: =AI15/AH15 -> 0.25 | AL15: =[10]Summary!$Z$7 -> - | AN15: =[10]Summary!$AA$7 -> 42138 | AO15: =[10]Summary!$AB$7 -> ? | AP15: =[10]Summary!$AC$7 -> ? | AQ15: =[10]Summary!$AD$7 -> ? | AR15: =[10]Summary!$AE$7 -> RTL: POST: FPGA:
B16: 11 | C16: =[11]Summary!$B$7 -> System Controller | D16: =[11]Summary!$C$7 -> 김정욱 책임 | E16: =[11]Summary!$D$7 -> 김정욱 책임 | G16: 20 | H16: 18 | I16: 30 | J16: 22 | K16: =[11]Summary!$I$7 -> 0 | L16: =[11]Summary!$J$7 -> 0 | M16: =[11]Summary!$K$7 -> - | N16: =[11]Summary!$L$7 -> 0 | O16: =[11]Summary!$M$7 -> 0 | P16: =[11]Summary!$N$7 -> - | Q16: =G16+I16+K16 -> 50 | R16: =H16+J16+L16 -> 40 | S16: =R16/Q16 -> 0.8 | V16: 30 | W16: 15 | X16: =W16/V16 -> 0.5 | Z16: =[11]Summary!$R$7 -> - | AB16: 35 | AC16: 30 | AD16: =AC16/AB16 -> 0.85714286 | AE16: =[11]Summary!$V$7 -> - | AH16: 15 | AI16: 2 | AJ16: =AI16/AH16 -> 0.13333333 | AL16: =[11]Summary!$Z$7 -> - | AN16: =[11]Summary!$AA$7 -> 42138 | AO16: =[11]Summary!$AB$7 -> ? | AP16: =[11]Summary!$AC$7 -> ? | AQ16: =[11]Summary!$AD$7 -> ? | AR16: =[11]Summary!$AE$7 -> RTL: POST: FPGA:
B17: 12 | C17: =[12]Summary!$B$7 -> PMU | D17: =[12]Summary!$C$7 -> 김정욱 책임 | E17: =[12]Summary!$D$7 -> 김정욱 책임 | G17: 15 | H17: 14 | I17: 30 | J17: 25 | K17: =[12]Summary!$I$7 -> 0 | L17: =[12]Summary!$J$7 -> 0 | M17: =[12]Summary!$K$7 -> - | N17: =[12]Summary!$L$7 -> 0 | O17: =[12]Summary!$M$7 -> 0 | P17: =[12]Summary!$N$7 -> - | Q17: =G17+I17+K17 -> 45 | R17: =H17+J17+L17 -> 39 | S17: =R17/Q17 -> 0.86666667 | V17: 30 | W17: 15 | X17: =W17/V17 -> 0.5 | Z17: =[12]Summary!$R$7 -> - | AB17: 30 | AC17: 25 | AD17: =AC17/AB17 -> 0.83333333 | AE17: =[12]Summary!$V$7 -> - | AH17: 20 | AI17: 5 | AJ17: =AI17/AH17 -> 0.25 | AL17: =[12]Summary!$Z$7 -> - | AN17: =[12]Summary!$AA$7 -> 42138 | AO17: =[12]Summary!$AB$7 -> ? | AP17: =[12]Summary!$AC$7 -> ? | AQ17: =[12]Summary!$AD$7 -> ? | AR17: =[12]Summary!$AE$7 -> RTL: POST: FPGA:
B18: 13 | C18: =[13]Summary!$B$7 -> RPMB | D18: =[13]Summary!$C$7 -> 안병욱 선임 | E18: =[13]Summary!$D$7 -> 안병욱 선임 | G18: 20 | H18: 18 | I18: 35 | J18: 23 | K18: =[13]Summary!$I$7 -> 0 | L18: =[13]Summary!$J$7 -> 0 | M18: =[13]Summary!$K$7 -> - | N18: =[13]Summary!$L$7 -> 0 | O18: =[13]Summary!$M$7 -> 0 | P18: =[13]Summary!$N$7 -> - | Q18: =G18+I18+K18 -> 55 | R18: =H18+J18+L18 -> 41 | S18: =R18/Q18 -> 0.74545455 | V18: 20 | W18: 20 | X18: =W18/V18 -> 1 | Z18: =[13]Summary!$R$7 -> - | AB18: 30 | AC18: 25 | AD18: =AC18/AB18 -> 0.83333333 | AE18: =[13]Summary!$V$7 -> - | AH18: 25 | AI18: 2 | AJ18: =AI18/AH18 -> 0.08 | AL18: =[13]Summary!$Z$7 -> - | AN18: =[13]Summary!$AA$7 -> 42138 | AO18: =[13]Summary!$AB$7 -> ? | AP18: =[13]Summary!$AC$7 -> ? | AQ18: =[13]Summary!$AD$7 -> ? | AR18: =[13]Summary!$AE$7 -> RTL: POST: FPGA:
B19: 14 | C19: =[14]Summary!$B$7 -> Mail Box | D19: =[14]Summary!$C$7 -> 안병욱 선임 | E19: =[14]Summary!$D$7 -> 안병욱 선임 | G19: 30 | H19: 20 | I19: 20 | J19: 18 | K19: =[14]Summary!$I$7 -> 0 | L19: =[14]Summary!$J$7 -> 0 | M19: =[14]Summary!$K$7 -> - | N19: =[14]Summary!$L$7 -> 0 | O19: =[14]Summary!$M$7 -> 0 | P19: =[14]Summary!$N$7 -> - | Q19: =G19+I19+K19 -> 50 | R19: =H19+J19+L19 -> 38 | S19: =R19/Q19 -> 0.76 | V19: 35 | W19: 30 | X19: =W19/V19 -> 0.85714286 | Z19: =[14]Summary!$R$7 -> - | AB19: 30 | AC19: 24 | AD19: =AC19/AB19 -> 0.8 | AE19: =[14]Summary!$V$7 -> - | AH19: 25 | AI19: 5 | AJ19: =AI19/AH19 -> 0.2 | AL19: =[14]Summary!$Z$7 -> - | AN19: =[14]Summary!$AA$7 -> 42138 | AO19: =[14]Summary!$AB$7 -> ? | AP19: =[14]Summary!$AC$7 -> ? | AQ19: =[14]Summary!$AD$7 -> ? | AR19: =[14]Summary!$AE$7 -> RTL: POST: FPGA:
B20: 15 | C20: =[15]Summary!$B$7 -> Timer | D20: =[15]Summary!$C$7 -> 안병욱 선임 | E20: =[15]Summary!$D$7 -> 안병욱 선임 | G20: 15 | H20: 10 | I20: 20 | J20: 15 | K20: =[15]Summary!$I$7 -> 0 | L20: =[15]Summary!$J$7 -> 0 | M20: =[15]Summary!$K$7 -> - | N20: =[15]Summary!$L$7 -> 0 | O20: =[15]Summary!$M$7 -> 0 | P20: =[15]Summary!$N$7 -> - | Q20: =G20+I20+K20 -> 35 | R20: =H20+J20+L20 -> 25 | S20: =R20/Q20 -> 0.71428571 | V20: 35 | W20: 30 | X20: =W20/V20 -> 0.85714286 | Z20: =[15]Summary!$R$7 -> - | AB20: 30 | AC20: 28 | AD20: =AC20/AB20 -> 0.93333333 | AE20: =[15]Summary!$V$7 -> - | AH20: 25 | AI20: 10 | AJ20: =AI20/AH20 -> 0.4 | AL20: =[15]Summary!$Z$7 -> - | AN20: =[15]Summary!$AA$7 -> 42138 | AO20: =[15]Summary!$AB$7 -> ? | AP20: =[15]Summary!$AC$7 -> ? | AQ20: =[15]Summary!$AD$7 -> ? | AR20: =[15]Summary!$AE$7 -> RTL: POST: FPGA:
B21: 16 | C21: =[16]Summary!$B$7 -> WDT | D21: =[16]Summary!$C$7 -> 안병욱 선임 | E21: =[16]Summary!$D$7 -> 안병욱 선임 | G21: 18 | H21: 10 | I21: 20 | J21: 16 | K21: =[16]Summary!$I$7 -> 0 | L21: =[16]Summary!$J$7 -> 0 | M21: =[16]Summary!$K$7 -> - | N21: =[16]Summary!$L$7 -> 0 | O21: =[16]Summary!$M$7 -> 0 | P21: =[16]Summary!$N$7 -> - | Q21: =G21+I21+K21 -> 38 | R21: =H21+J21+L21 -> 26 | S21: =R21/Q21 -> 0.68421053 | V21: 35 | W21: 30 | X21: =W21/V21 -> 0.85714286 | Z21: =[16]Summary!$R$7 -> - | AB21: 40 | AC21: 32 | AD21: =AC21/AB21 -> 0.8 | AE21: =[16]Summary!$V$7 -> - | AH21: 20 | AI21: 2 | AJ21: =AI21/AH21 -> 0.1 | AL21: =[16]Summary!$Z$7 -> - | AN21: =[16]Summary!$AA$7 -> 42138 | AO21: =[16]Summary!$AB$7 -> ? | AP21: =[16]Summary!$AC$7 -> ? | AQ21: =[16]Summary!$AD$7 -> ? | AR21: =[16]Summary!$AE$7 -> RTL: POST: FPGA:
B22: 17 | C22: =[17]Summary!$B$7 -> UART | D22: =[17]Summary!$C$7 -> 안병욱 선임 | E22: =[17]Summary!$D$7 -> 안병욱 선임 | G22: 17 | H22: 15 | I22: 25 | J22: 20 | K22: =[17]Summary!$I$7 -> 0 | L22: =[17]Summary!$J$7 -> 0 | M22: =[17]Summary!$K$7 -> - | N22: =[17]Summary!$L$7 -> 0 | O22: =[17]Summary!$M$7 -> 0 | P22: =[17]Summary!$N$7 -> - | Q22: =G22+I22+K22 -> 42 | R22: =H22+J22+L22 -> 35 | S22: =R22/Q22 -> 0.83333333 | V22: 25 | W22: 30 | X22: =W22/V22 -> 1.2 | Z22: =[17]Summary!$R$7 -> - | AB22: 25 | AC22: 20 | AD22: =AC22/AB22 -> 0.8 | AE22: =[17]Summary!$V$7 -> - | AH22: 30 | AI22: 2 | AJ22: =AI22/AH22 -> 0.066666667 | AL22: =[17]Summary!$Z$7 -> - | AN22: =[17]Summary!$AA$7 -> 42138 | AO22: =[17]Summary!$AB$7 -> ? | AP22: =[17]Summary!$AC$7 -> ? | AQ22: =[17]Summary!$AD$7 -> ? | AR22: =[17]Summary!$AE$7 -> RTL: POST: FPGA:
B23: 18 | C23: =[18]Summary!$B$7 -> Clock Controller | D23: =[18]Summary!$C$7 -> 김정욱 책임 | E23: =[18]Summary!$D$7 -> 김정욱 책임 | G23: 16 | H23: 15 | I23: 25 | J23: 25 | K23: =[18]Summary!$I$7 -> 0 | L23: =[18]Summary!$J$7 -> 0 | M23: =[18]Summary!$K$7 -> - | N23: =[18]Summary!$L$7 -> 0 | O23: =[18]Summary!$M$7 -> 0 | P23: =[18]Summary!$N$7 -> - | Q23: =G23+I23+K23 -> 41 | R23: =H23+J23+L23 -> 40 | S23: =R23/Q23 -> 0.97560976 | V23: 25 | W23: 20 | X23: =W23/V23 -> 0.8 | Z23: =[18]Summary!$R$7 -> - | AB23: 25 | AC23: 25 | AD23: =AC23/AB23 -> 1 | AE23: =[18]Summary!$V$7 -> - | AH23: 30 | AI23: 5 | AJ23: =AI23/AH23 -> 0.16666667 | AL23: =[18]Summary!$Z$7 -> - | AN23: =[18]Summary!$AA$7 -> 42138 | AO23: =[18]Summary!$AB$7 -> ? | AP23: =[18]Summary!$AC$7 -> ? | AQ23: =[18]Summary!$AD$7 -> ? | AR23: =[18]Summary!$AE$7 -> RTL: POST: FPGA:
B24: 19 | C24: =[19]Summary!$B$7 -> Reset Controller | D24: =[19]Summary!$C$7 -> 김정욱 책임 | E24: =[19]Summary!$D$7 -> 김정욱 책임 | G24: 20 | H24: 13 | I24: 25 | J24: 22 | K24: =[19]Summary!$I$7 -> 0 | L24: =[19]Summary!$J$7 -> 0 | M24: =[19]Summary!$K$7 -> - | N24: =[19]Summary!$L$7 -> 0 | O24: =[19]Summary!$M$7 -> 0 | P24: =[19]Summary!$N$7 -> - | Q24: =G24+I24+K24 -> 45 | R24: =H24+J24+L24 -> 35 | S24: =R24/Q24 -> 0.77777778 | V24: 25 | W24: 20 | X24: =W24/V24 -> 0.8 | Z24: =[19]Summary!$R$7 -> - | AB24: 25 | AC24: 22 | AD24: =AC24/AB24 -> 0.88 | AE24: =[19]Summary!$V$7 -> - | AH24: 30 | AI24: 8 | AJ24: =AI24/AH24 -> 0.26666667 | AL24: =[19]Summary!$Z$7 -> - | AN24: =[19]Summary!$AA$7 -> 42138 | AO24: =[19]Summary!$AB$7 -> ? | AP24: =[19]Summary!$AC$7 -> ? | AQ24: =[19]Summary!$AD$7 -> ? | AR24: =[19]Summary!$AE$7 -> RTL: POST: FPGA:
B25: 20 | C25: =[20]Summary!$B$7 -> eFuse Controller | D25: =[20]Summary!$C$7 -> 안병욱 선임 | E25: =[20]Summary!$D$7 -> 안병욱 선임 | G25: 21 | H25: 20 | I25: 25 | J25: 22 | K25: =[20]Summary!$I$7 -> 0 | L25: =[20]Summary!$J$7 -> 0 | M25: =[20]Summary!$K$7 -> - | N25: =[20]Summary!$L$7 -> 0 | O25: =[20]Summary!$M$7 -> 0 | P25: =[20]Summary!$N$7 -> - | Q25: =G25+I25+K25 -> 46 | R25: =H25+J25+L25 -> 42 | S25: =R25/Q25 -> 0.91304348 | V25: 40 | W25: 35 | X25: =W25/V25 -> 0.875 | Z25: =[20]Summary!$R$7 -> - | AB25: 25 | AC25: 22 | AD25: =AC25/AB25 -> 0.88 | AE25: =[20]Summary!$V$7 -> - | AH25: 25 | AI25: 9 | AJ25: =AI25/AH25 -> 0.36 | AL25: =[20]Summary!$Z$7 -> - | AN25: =[20]Summary!$AA$7 -> 42138 | AO25: =[20]Summary!$AB$7 -> ? | AP25: =[20]Summary!$AC$7 -> ? | AQ25: =[20]Summary!$AD$7 -> ? | AR25: =[20]Summary!$AE$7 -> RTL: POST: FPGA:
B26: 21 | C26: =[21]Summary!$B$7 -> M-PHY | D26: =[21]Summary!$C$7 -> 이현주 선임 | E26: =[21]Summary!$D$7 -> 이현주 선임 | G26: 25 | H26: 22 | I26: 25 | J26: 23 | K26: =[21]Summary!$I$7 -> 0 | L26: =[21]Summary!$J$7 -> 0 | M26: =[21]Summary!$K$7 -> - | N26: =[21]Summary!$L$7 -> 0 | O26: =[21]Summary!$M$7 -> 0 | P26: =[21]Summary!$N$7 -> - | Q26: =G26+I26+K26 -> 50 | R26: =H26+J26+L26 -> 45 | S26: =R26/Q26 -> 0.9 | V26: 40 | W26: 30 | X26: =W26/V26 -> 0.75 | Z26: =[21]Summary!$R$7 -> - | AB26: 25 | AC26: 23 | AD26: =AC26/AB26 -> 0.92 | AE26: =[21]Summary!$V$7 -> - | AH26: 25 | AI26: 7 | AJ26: =AI26/AH26 -> 0.28 | AL26: =[21]Summary!$Z$7 -> - | AN26: =[21]Summary!$AA$7 -> 42138 | AO26: =[21]Summary!$AB$7 -> ? | AP26: =[21]Summary!$AC$7 -> ? | AQ26: =[21]Summary!$AD$7 -> ? | AR26: =[21]Summary!$AE$7 -> RTL: POST: FPGA:
B27: 22 | C27: =[22]Summary!$B$7 -> Nand PHY | D27: =[22]Summary!$C$7 -> 이종용 선임 | E27: =[22]Summary!$D$7 -> 이종용 선임 | G27: 20 | H27: 20 | I27: 30 | J27: 25 | K27: =[22]Summary!$I$7 -> 0 | L27: =[22]Summary!$J$7 -> 0 | M27: =[22]Summary!$K$7 -> - | N27: =[22]Summary!$L$7 -> 0 | O27: =[22]Summary!$M$7 -> 0 | P27: =[22]Summary!$N$7 -> - | Q27: =G27+I27+K27 -> 50 | R27: =H27+J27+L27 -> 45 | S27: =R27/Q27 -> 0.9 | V27: 35 | W27: 30 | X27: =W27/V27 -> 0.85714286 | Z27: =[22]Summary!$R$7 -> - | AB27: 30 | AC27: 30 | AD27: =AC27/AB27 -> 1 | AE27: =[22]Summary!$V$7 -> - | AH27: 30 | AI27: 5 | AJ27: =AI27/AH27 -> 0.16666667 | AL27: =[22]Summary!$Z$7 -> - | AN27: =[22]Summary!$AA$7 -> 42138 | AO27: =[22]Summary!$AB$7 -> ? | AP27: =[22]Summary!$AC$7 -> ? | AQ27: =[22]Summary!$AD$7 -> ? | AR27: =[22]Summary!$AE$7 -> RTL: POST: FPGA:
B28: 23 | C28: =[23]Summary!$B$7 -> Nand IO | D28: =[23]Summary!$C$7 -> 이종용 선임 | E28: =[23]Summary!$D$7 -> 이종용 선임 | G28: 30 | H28: 25 | I28: 35 | J28: 30 | K28: =[23]Summary!$I$7 -> 0 | L28: =[23]Summary!$J$7 -> 0 | M28: =[23]Summary!$K$7 -> - | N28: =[23]Summary!$L$7 -> 0 | O28: =[23]Summary!$M$7 -> 0 | P28: =[23]Summary!$N$7 -> - | Q28: =G28+I28+K28 -> 65 | R28: =H28+J28+L28 -> 55 | S28: =R28/Q28 -> 0.84615385 | V28: 35 | W28: 30 | X28: =W28/V28 -> 0.85714286 | Z28: =[23]Summary!$R$7 -> - | AB28: 20 | AC28: 18 | AD28: =AC28/AB28 -> 0.9 | AE28: =[23]Summary!$V$7 -> - | AH28: 30 | AI28: 8 | AJ28: =AI28/AH28 -> 0.26666667 | AL28: =[23]Summary!$Z$7 -> - | AN28: =[23]Summary!$AA$7 -> 42138 | AO28: =[23]Summary!$AB$7 -> ? | AP28: =[23]Summary!$AC$7 -> ? | AQ28: =[23]Summary!$AD$7 -> ? | AR28: =[23]Summary!$AE$7 -> RTL: POST: FPGA:
B29: 24 | C29: =[24]Summary!$B$7 -> Test Mux | D29: =[24]Summary!$C$7 -> 양창호 선임 | E29: =[24]Summary!$D$7 -> 양창호 선임 | G29: 35 | H29: 30 | I29: 20 | J29: 15 | K29: =[24]Summary!$I$7 -> 0 | L29: =[24]Summary!$J$7 -> 0 | M29: =[24]Summary!$K$7 -> - | N29: =[24]Summary!$L$7 -> 0 | O29: =[24]Summary!$M$7 -> 0 | P29: =[24]Summary!$N$7 -> - | Q29: =G29+I29+K29 -> 55 | R29: =H29+J29+L29 -> 45 | S29: =R29/Q29 -> 0.81818182 | V29: 20 | W29: 20 | X29: =W29/V29 -> 1 | Z29: =[24]Summary!$R$7 -> - | AB29: 30 | AC29: 15 | AD29: =AC29/AB29 -> 0.5 | AE29: =[24]Summary!$V$7 -> - | AH29: 25 | AI29: 2 | AJ29: =AI29/AH29 -> 0.08 | AL29: =[24]Summary!$Z$7 -> - | AN29: =[24]Summary!$AA$7 -> 42138 | AO29: =[24]Summary!$AB$7 -> ? | AP29: =[24]Summary!$AC$7 -> ? | AQ29: =[24]Summary!$AD$7 -> ? | AR29: =[24]Summary!$AE$7 -> RTL: POST: FPGA:
B30: 25 | C30: =[25]Summary!$B$7 -> HW Bypass | D30: =[25]Summary!$C$7 -> 양창호 선임 | E30: =[25]Summary!$D$7 -> 양창호 선임 | G30: 20 | H30: 20 | I30: 25 | J30: 25 | K30: =[25]Summary!$I$7 -> 0 | L30: =[25]Summary!$J$7 -> 0 | M30: =[25]Summary!$K$7 -> - | N30: =[25]Summary!$L$7 -> 0 | O30: =[25]Summary!$M$7 -> 0 | P30: =[25]Summary!$N$7 -> - | Q30: =G30+I30+K30 -> 45 | R30: =H30+J30+L30 -> 45 | S30: =R30/Q30 -> 1 | V30: 25 | W30: 20 | X30: =W30/V30 -> 0.8 | Z30: =[25]Summary!$R$7 -> - | AB30: 25 | AC30: 5 | AD30: =AC30/AB30 -> 0.2 | AE30: =[25]Summary!$V$7 -> - | AH30: 30 | AI30: 2 | AJ30: =AI30/AH30 -> 0.066666667 | AL30: =[25]Summary!$Z$7 -> - | AN30: =[25]Summary!$AA$7 -> 42138 | AO30: =[25]Summary!$AB$7 -> ? | AP30: =[25]Summary!$AC$7 -> ? | AQ30: =[25]Summary!$AD$7 -> ? | AR30: =[25]Summary!$AE$7 -> RTL: POST: FPGA:
B31: 26 | C31: =[26]Summary!$B$7 -> Analog IP | D31: =[26]Summary!$C$7 -> 양창호 선임 | E31: =[26]Summary!$D$7 -> 양창호 선임 | G31: 20 | H31: 18 | I31: 30 | J31: 30 | K31: =[26]Summary!$I$7 -> 0 | L31: =[26]Summary!$J$7 -> 0 | M31: =[26]Summary!$K$7 -> - | N31: =[26]Summary!$L$7 -> 0 | O31: =[26]Summary!$M$7 -> 0 | P31: =[26]Summary!$N$7 -> - | Q31: =G31+I31+K31 -> 50 | R31: =H31+J31+L31 -> 48 | S31: =R31/Q31 -> 0.96 | V31: 30 | W31: 20 | X31: =W31/V31 -> 0.66666667 | Z31: =[26]Summary!$R$7 -> - | AB31: 30 | AC31: 2 | AD31: =AC31/AB31 -> 0.066666667 | AE31: =[26]Summary!$V$7 -> - | AH31: 40 | AI31: 5 | AJ31: =AI31/AH31 -> 0.125 | AL31: =[26]Summary!$Z$7 -> - | AN31: =[26]Summary!$AA$7 -> 42138 | AO31: =[26]Summary!$AB$7 -> ? | AP31: =[26]Summary!$AC$7 -> ? | AQ31: =[26]Summary!$AD$7 -> ? | AR31: =[26]Summary!$AE$7 -> RTL: POST: FPGA:
B32: 27 | C32: =[27]Summary!$B$7 -> GPIO | D32: =[27]Summary!$C$7 -> 양창호 선임 | E32: =[27]Summary!$D$7 -> 양창호 선임 | G32: 20 | H32: 10 | I32: 40 | J32: 35 | K32: =[27]Summary!$I$7 -> 0 | L32: =[27]Summary!$J$7 -> 0 | M32: =[27]Summary!$K$7 -> - | N32: =[27]Summary!$L$7 -> 0 | O32: =[27]Summary!$M$7 -> 0 | P32: =[27]Summary!$N$7 -> - | Q32: =G32+I32+K32 -> 60 | R32: =H32+J32+L32 -> 45 | S32: =R32/Q32 -> 0.75 | V32: 30 | W32: 20 | X32: =W32/V32 -> 0.66666667 | Z32: =[27]Summary!$R$7 -> - | AB32: 20 | AC32: 3 | AD32: =AC32/AB32 -> 0.15 | AE32: =[27]Summary!$V$7 -> - | AH32: 50 | AI32: 2 | AJ32: =AI32/AH32 -> 0.04 | AL32: =[27]Summary!$Z$7 -> - | AN32: =[27]Summary!$AA$7 -> 42138 | AO32: =[27]Summary!$AB$7 -> ? | AP32: =[27]Summary!$AC$7 -> ? | AQ32: =[27]Summary!$AD$7 -> ? | AR32: =[27]Summary!$AE$7 -> RTL: POST: FPGA:
B33: - | C33: =[28]Summary!$B$7 -> End to End | D33: =[28]Summary!$C$7 -> ALL | E33: =[28]Summary!$D$7 -> 조성엽 책임 | G33: 10 | H33: 5 | I33: 10 | J33: =[28]Summary!$H$7 -> 0 | K33: =[28]Summary!$I$7 -> 0 | L33: =[28]Summary!$J$7 -> 0 | M33: =[28]Summary!$K$7 -> - | N33: =[28]Summary!$L$7 -> 0 | O33: =[28]Summary!$M$7 -> 0 | P33: =[28]Summary!$N$7 -> - | Q33: =G33+I33+K33 -> 20 | R33: =H33+J33+L33 -> 5 | S33: =R33/Q33 -> 0.25 | V33: 25 | W33: 15 | X33: =W33/V33 -> 0.6 | Z33: =[28]Summary!$R$7 -> - | AB33: 25 | AC33: 5 | AD33: =AC33/AB33 -> 0.2 | AE33: =[28]Summary!$V$7 -> - | AH33: 20 | AI33: 5 | AJ33: =AI33/AH33 -> 0.25 | AL33: =[28]Summary!$Z$7 -> - | AN33: =[28]Summary!$AA$7 -> 42138 | AO33: =[28]Summary!$AB$7 -> ? | AP33: =[28]Summary!$AC$7 -> ? | AQ33: =[28]Summary!$AD$7 -> ? | AR33: =[28]Summary!$AE$7 -> RTL: POST: FPGA:
B34: - | C34: =[29]Summary!$B$7 -> Post-Silicon Validation | D34: =[29]Summary!$C$7 -> ALL | E34: =[29]Summary!$D$7 -> ALL
B35: Sub Average | G35: =AVERAGE(G6:G33) -> 18.714286 | H35: =AVERAGE(H6:H33) -> 14.642857 | I35: =AVERAGE(I6:I33) -> 24 | J35: =AVERAGE(J6:J33) -> 19.035714 | K35: =AVERAGE(K6:K33) -> 0 | L35: =AVERAGE(L6:L33) -> 0 | N35: =AVERAGE(N7:N33) -> 0 | O35: =AVERAGE(O6:O33) -> 0 | Q35: =AVERAGE(Q6:Q33) -> 42.714286 | R35: =AVERAGE(R6:R33) -> 33.678571 | V35: =AVERAGE(V6:V33) -> 30.357143 | W35: =AVERAGE(W6:W33) -> 24.678571 | X35: - | AB35: =AVERAGE(AB6:AB33) -> 26.428571 | AC35: =AVERAGE(AC6:AC33) -> 19.357143 | AD35: - | AH35: =AVERAGE(AH6:AH33) -> 26.607143 | AI35: =AVERAGE(AI6:AI33) -> 4.2142857 | AJ35: -
B36: Sub Sum | G36: =SUM(G6:G33) -> 524 | H36: =SUM(H6:H33) -> 410 | I36: =SUM(I6:I33) -> 672 | J36: =SUM(J6:J33) -> 533 | K36: =SUM(K6:K33) -> 0 | L36: =SUM(L6:L33) -> 0 | M36: =IF(G36=0, "-", L36/G36) -> 0 | N36: - | O36: - | Q36: =SUM(Q6:Q33) -> 1196 | R36: =SUM(R6:R33) -> 943 | V36: =SUM(V6:V33) -> 850 | W36: =SUM(W6:W33) -> 691 | X36: =IF(V36=0, "-", W36/V36) -> 0.81294118 | AB36: =SUM(AB6:AB33) -> 740 | AC36: =SUM(AC6:AC33) -> 542 | AD36: =IF(AB36=0, "-", AC36/AB36) -> 0.73243243 | AH36: =SUM(AH6:AH33) -> 745 | AI36: =SUM(AI6:AI33) -> 118 | AJ36: =IF(AH36=0, "-", AI36/AH36) -> 0.15838926
B37: Total | V37: =G36+V36 -> 1374 | W37: =L36+W36 -> 691 | X37: =IF(V37=0, "-", W37/V37) -> 0.50291121
AN39: 1
AN40: 0.9
AN41: 0.7
AN42: 0.5
AN43: 0

Sheet Chart 2 - Data
B2: Projecgt 별 Test Case 수 비교
C3: IP | D3: Project A | E3: Project B | F3: Project C | G3: Project D | H3: Project E | I3: Project G
B4: 1 | C4: =[1]Summary!$B$7 -> Cortex-M3 | D4: 75 | E4: 85 | F4: 90 | G4: 70 | H4: 85 | I4: 30
B5: 2 | C5: =[2]Summary!$B$7 -> HCT | D5: 25 | E5: 5 | F5: 80 | G5: 25 | H5: 7 | I5: 85
B6: 3 | C6: =[3]Summary!$B$7 -> FCT | D6: 30 | E6: 25 | F6: 30 | G6: 50 | H6: 7 | I6: 8
B7: 4 | C7: =[4]Summary!$B$7 -> Buffer Manager | D7: 50 | E7: 60 | F7: 70 | G7: 80 | H7: 50 | I7: 20
B8: 5 | C8: =[5]Summary!$B$7 -> Search Engine | D8: 25 | E8: 25 | F8: 30 | G8: 30 | H8: 30 | I8: 50
B9: 6 | C9: =[6]Summary!$B$7 -> MTSE
B10: 7 | C10: =[7]Summary!$B$7 -> System Memory
B11: 8 | C11: =[8]Summary!$B$7 -> Data Buffer
B12: 9 | C12: =[9]Summary!$B$7 -> DMA
B13: 10 | C13: =[10]Summary!$B$7 -> Back Bone
B14: 11 | C14: =[11]Summary!$B$7 -> System Controller
B15: 12 | C15: =[12]Summary!$B$7 -> PMU
B16: 13 | C16: =[13]Summary!$B$7 -> RPMB
B17: 14 | C17: =[14]Summary!$B$7 -> Mail Box
B18: 15 | C18: =[15]Summary!$B$7 -> Timer
B19: 16 | C19: =[16]Summary!$B$7 -> WDT
B20: 17 | C20: =[17]Summary!$B$7 -> UART
B21: 18 | C21: =[18]Summary!$B$7 -> Clock Controller
B22: 19 | C22: =[19]Summary!$B$7 -> Reset Controller
B23: 20 | C23: =[20]Summary!$B$7 -> eFuse Controller
B24: 21 | C24: =[21]Summary!$B$7 -> M-PHY
B25: 22 | C25: =[22]Summary!$B$7 -> Nand PHY
B26: 23 | C26: =[23]Summary!$B$7 -> Nand IO
B27: 24 | C27: =[24]Summary!$B$7 -> Test Mux
B28: 25 | C28: =[25]Summary!$B$7 -> HW Bypass
B29: 26 | C29: =[26]Summary!$B$7 -> Analog IP
B30: 27 | C30: =[27]Summary!$B$7 -> GPIO
B31: - | C31: =[28]Summary!$B$7 -> End to End
B32: - | C32: =[29]Summary!$B$7 -> Post-Silicon Validation
B33: Sub Average
B34: Sub Sum
B35: Total | D35: =#REF!+D34 -> #REF! | E35: =#REF!+E34 -> #REF! | F35: =#REF!+F34 -> #REF! | G35: =#REF!+G34 -> #REF! | H35: =#REF!+H34 -> #REF! | I35: =IF(G35=0, "-", H35/G35) -> #REF!

Sheet Cover
B2: SoC Design Verification Checklist
B3: Template version 0.1
I5: Approval
F6: Team / Name | I6: UFS SoC / 홍길동 | L6: Soc Architecture / 나도야 | O6: UFS SoC / 독고탁
F7: e-mail | I7: xxx.xxx@sk.com | L7: xxx.xxx@sk.com | O7: xxx.xxx@sk.com
F8: Phone | I8: +82-01-5678-1234 | L8: +82-01-5678-5678 | O8: +82-01-5678-4321
B10: ○ Product
B11: UFS2.0 G3X2L Armstrong
B13: ○ 작성목적
B14: 이 문서는 P4C Design 수행 시 RTL Design 담당자와 Design Verification 담당자들이 Tech bench를 통해 수행한 Design 검증 항목이 누락되지 않도록 하고, RTL Freeze의 판단 근거로 삼기 위한 목적으로 작성함
B16: ○ Audience
C17: Author | E17: ◎ | H17: Head | I17: VPs | J17: Arch. | K17: SoC | L17: FW | M17: PE | N17: AE | O17: FPP | P17: NAND | Q17: QRA
C18: Distribution | E18: ○ | G18: Bundang | H18: ○ | I18: ○ | J18: ○ | K18: ◎ | L18: ○ | M18: ○ | N18: ○ | O18: ○ | Q18: ○
C19: Not Involved | G19: HMS
G20: FST | K20: ○ | L20: ○ | M20: ○ | N20: ○
G21: SFS | K21: ○ | L21: ○
G22: 3rd party
B24: ○ Document Revision History
C25: Version Number | E25: Date | H25: Author | K25: Summary of Changes
C26: V1.0 | E26: April 21th, 2015 | H26: UFS SoC / 홍길동 | K26: Published as Initial Draft Version
B30: ○ Flow and position of the report

Sheet VerificationStatusSummary
B2: Columbus Verification Status Summary | AI2: 42138
B3: No. | C3: IP | D3: RTL Designer | E3: Verification Engineer | G3: RTL Sim. | R3: FPGA | W3: POST Sim. | AB3: ASIC | AG3: Last Updated | AK3: Remark / Coverage Waive
G4: F1 | I4: F2 | K4: F3 | M4: F1~3 | N4: Cov. SoC (F2,F3) | O4: Cov. S.A (F0,F1) | P4: Done | R4: Cases | S4: Pass | T4: Prog. | U4: Done | W4: Cases | X4: Pass | Y4: Prog. | Z4: Done | AB4: Cases | AC4: Pass | AD4: Prog. | AE4: Done | AG4: Date | AH4: RTL | AI4: FPGA | AJ4: ASIC
G5: Cases | H5: Pass | I5: Cases | J5: Pass | K5: Cases | L5: Pass | M5: Prog.
B6: 1 | C6: =[1]Summary!$B$7 -> Cortex-M3 | D6: =[1]Summary!$C$7 -> 최호윤 수석 | E6: =[1]Summary!$D$7 -> 조성엽 책임 | G6: =[1]Summary!$E$7 -> 0 | H6: =[1]Summary!$F$7 -> 0 | I6: =[1]Summary!$G$7 -> 0 | J6: =[1]Summary!$H$7 -> 0 | K6: =[1]Summary!$I$7 -> 0 | L6: =[1]Summary!$J$7 -> 0 | M6: =[1]Summary!$K$7 -> - | N6: =[1]Summary!$L$7 -> 0 | O6: =[1]Summary!$M$7 -> 0 | P6: =[1]Summary!$N$7 -> - | R6: =[1]Summary!$O$7 -> 0 | S6: =[1]Summary!$P$7 -> 0 | T6: =[1]Summary!$Q$7 -> - | U6: =[1]Summary!$R$7 -> - | W6: =[1]Summary!$S$7 -> 0 | X6: =[1]Summary!$T$7 -> 0 | Y6: =[1]Summary!$U$7 -> - | Z6: =[1]Summary!$V$7 -> - | AB6: =[1]Summary!$W$7 -> 0 | AC6: =[1]Summary!$X$7 -> 0 | AD6: =[1]Summary!$Y$7 -> - | AE6: =[1]Summary!$Z$7 -> - | AG6: =[1]Summary!$AA$7 -> 42138 | AH6: =[1]Summary!$AB$7 -> ? | AI6: =[1]Summary!$AC$7 -> ? | AJ6: =[1]Summary!$AD$7 -> ? | AK6: =[1]Summary!$AE$7 -> RTL: POST: FPGA:
B7: 2 | C7: =[2]Summary!$B$7 -> HCT | D7: =[2]Summary!$C$7 -> 이원규 선임 | E7: =[2]Summary!$D$7 -> 박재우 책임 | G7: =[2]Summary!$E$7 -> 0 | H7: =[2]Summary!$F$7 -> 0 | I7: =[2]Summary!$G$7 -> 0 | J7: =[2]Summary!$H$7 -> 0 | K7: =[2]Summary!$I$7 -> 0 | L7: =[2]Summary!$J$7 -> 0 | M7: =[2]Summary!$K$7 -> - | N7: =[2]Summary!$L$7 -> 0 | O7: =[2]Summary!$M$7 -> 0 | P7: =[2]Summary!$N$7 -> - | R7: =[2]Summary!$O$7 -> 0 | S7: =[2]Summary!$P$7 -> 0 | T7: =[2]Summary!$Q$7 -> - | U7: =[2]Summary!$R$7 -> - | W7: =[2]Summary!$S$7 -> 0 | X7: =[2]Summary!$T$7 -> 0 | Y7: =[2]Summary!$U$7 -> - | Z7: =[2]Summary!$V$7 -> - | AB7: =[2]Summary!$W$7 -> 0 | AC7: =[2]Summary!$X$7 -> 0 | AD7: =[2]Summary!$Y$7 -> - | AE7: =[2]Summary!$Z$7 -> - | AG7: =[2]Summary!$AA$7 -> 42138 | AH7: =[2]Summary!$AB$7 -> ? | AI7: =[2]Summary!$AC$7 -> ? | AJ7: =[2]Summary!$AD$7 -> ? | AK7: =[2]Summary!$AE$7 -> RTL: POST: FPGA:
B8: 3 | C8: =[3]Summary!$B$7 -> FCT | D8: =[3]Summary!$C$7 -> 천동엽 책임 | E8: =[3]Summary!$D$7 -> 조성엽 책임 | G8: =[3]Summary!$E$7 -> 0 | H8: =[3]Summary!$F$7 -> 0 | I8: =[3]Summary!$G$7 -> 0 | J8: =[3]Summary!$H$7 -> 0 | K8: =[3]Summary!$I$7 -> 0 | L8: =[3]Summary!$J$7 -> 0 | M8: =[3]Summary!$K$7 -> - | N8: =[3]Summary!$L$7 -> 0 | O8: =[3]Summary!$M$7 -> 0 | P8: =[3]Summary!$N$7 -> - | R8: =[3]Summary!$O$7 -> 0 | S8: =[3]Summary!$P$7 -> 0 | T8: =[3]Summary!$Q$7 -> - | U8: =[3]Summary!$R$7 -> - | W8: =[3]Summary!$S$7 -> 0 | X8: =[3]Summary!$T$7 -> 0 | Y8: =[3]Summary!$U$7 -> - | Z8: =[3]Summary!$V$7 -> - | AB8: =[3]Summary!$W$7 -> 0 | AC8: =[3]Summary!$X$7 -> 0 | AD8: =[3]Summary!$Y$7 -> - | AE8: =[3]Summary!$Z$7 -> - | AG8: =[3]Summary!$AA$7 -> 42138 | AH8: =[3]Summary!$AB$7 -> ? | AI8: =[3]Summary!$AC$7 -> ? | AJ8: =[3]Summary!$AD$7 -> ? | AK8: =[3]Summary!$AE$7 -> RTL: POST: FPGA:
B9: 4 | C9: =[4]Summary!$B$7 -> Buffer Manager | D9: =[4]Summary!$C$7 -> 지대근 책임 | E9: =[4]Summary!$D$7 -> 조성엽 책임 | G9: =[4]Summary!$E$7 -> 0 | H9: =[4]Summary!$F$7 -> 0 | I9: =[4]Summary!$G$7 -> 0 | J9: =[4]Summary!$H$7 -> 0 | K9: =[4]Summary!$I$7 -> 0 | L9: =[4]Summary!$J$7 -> 0 | M9: =[4]Summary!$K$7 -> - | N9: =[4]Summary!$L$7 -> 0 | O9: =[4]Summary!$M$7 -> 0 | P9: =[4]Summary!$N$7 -> - | R9: =[4]Summary!$O$7 -> 0 | S9: =[4]Summary!$P$7 -> 0 | T9: =[4]Summary!$Q$7 -> - | U9: =[4]Summary!$R$7 -> - | W9: =[4]Summary!$S$7 -> 0 | X9: =[4]Summary!$T$7 -> 0 | Y9: =[4]Summary!$U$7 -> - | Z9: =[4]Summary!$V$7 -> - | AB9: =[4]Summary!$W$7 -> 0 | AC9: =[4]Summary!$X$7 -> 0 | AD9: =[4]Summary!$Y$7 -> - | AE9: =[4]Summary!$Z$7 -> - | AG9: =[4]Summary!$AA$7 -> 42138 | AH9: =[4]Summary!$AB$7 -> ? | AI9: =[4]Summary!$AC$7 -> ? | AJ9: =[4]Summary!$AD$7 -> ? | AK9: =[4]Summary!$AE$7 -> RTL: POST: FPGA:
B10: 5 | C10: =[5]Summary!$B$7 -> Search Engine | D10: =[5]Summary!$C$7 -> 김현욱 선임 | E10: =[5]Summary!$D$7 -> 김현욱 선임 | G10: =[5]Summary!$E$7 -> 0 | H10: =[5]Summary!$F$7 -> 0 | I10: =[5]Summary!$G$7 -> 0 | J10: =[5]Summary!$H$7 -> 0 | K10: =[5]Summary!$I$7 -> 0 | L10: =[5]Summary!$J$7 -> 0 | M10: =[5]Summary!$K$7 -> - | N10: =[5]Summary!$L$7 -> 0 | O10: =[5]Summary!$M$7 -> 0 | P10: =[5]Summary!$N$7 -> - | R10: =[5]Summary!$O$7 -> 0 | S10: =[5]Summary!$P$7 -> 0 | T10: =[5]Summary!$Q$7 -> - | U10: =[5]Summary!$R$7 -> - | W10: =[5]Summary!$S$7 -> 0 | X10: =[5]Summary!$T$7 -> 0 | Y10: =[5]Summary!$U$7 -> - | Z10: =[5]Summary!$V$7 -> - | AB10: =[5]Summary!$W$7 -> 0 | AC10: =[5]Summary!$X$7 -> 0 | AD10: =[5]Summary!$Y$7 -> - | AE10: =[5]Summary!$Z$7 -> - | AG10: =[5]Summary!$AA$7 -> 42138 | AH10: =[5]Summary!$AB$7 -> ? | AI10: =[5]Summary!$AC$7 -> ? | AJ10: =[5]Summary!$AD$7 -> ? | AK10: =[5]Summary!$AE$7 -> RTL: POST: FPGA:
B11: 6 | C11: =[6]Summary!$B$7 -> MTSE | D11: =[6]Summary!$C$7 -> 김현욱 선임 | E11: =[6]Summary!$D$7 -> 김현욱 선임 | G11: =[6]Summary!$E$7 -> 0 | H11: =[6]Summary!$F$7 -> 0 | I11: =[6]Summary!$G$7 -> 0 | J11: =[6]Summary!$H$7 -> 0 | K11: =[6]Summary!$I$7 -> 0 | L11: =[6]Summary!$J$7 -> 0 | M11: =[6]Summary!$K$7 -> - | N11: =[6]Summary!$L$7 -> 0 | O11: =[6]Summary!$M$7 -> 0 | P11: =[6]Summary!$N$7 -> - | R11: =[6]Summary!$O$7 -> 0 | S11: =[6]Summary!$P$7 -> 0 | T11: =[6]Summary!$Q$7 -> - | U11: =[6]Summary!$R$7 -> - | W11: =[6]Summary!$S$7 -> 0 | X11: =[6]Summary!$T$7 -> 0 | Y11: =[6]Summary!$U$7 -> - | Z11: =[6]Summary!$V$7 -> - | AB11: =[6]Summary!$W$7 -> 0 | AC11: =[6]Summary!$X$7 -> 0 | AD11: =[6]Summary!$Y$7 -> - | AE11: =[6]Summary!$Z$7 -> - | AG11: =[6]Summary!$AA$7 -> 42138 | AH11: =[6]Summary!$AB$7 -> ? | AI11: =[6]Summary!$AC$7 -> ? | AJ11: =[6]Summary!$AD$7 -> ? | AK11: =[6]Summary!$AE$7 -> RTL: POST: FPGA:
B12: 7 | C12: =[7]Summary!$B$7 -> System Memory | D12: =[7]Summary!$C$7 -> 김현욱 선임 | E12: =[7]Summary!$D$7 -> 김현욱 선임 | G12: =[7]Summary!$E$7 -> 0 | H12: =[7]Summary!$F$7 -> 0 | I12: =[7]Summary!$G$7 -> 0 | J12: =[7]Summary!$H$7 -> 0 | K12: =[7]Summary!$I$7 -> 0 | L12: =[7]Summary!$J$7 -> 0 | M12: =[7]Summary!$K$7 -> - | N12: =[7]Summary!$L$7 -> 0 | O12: =[7]Summary!$M$7 -> 0 | P12: =[7]Summary!$N$7 -> - | R12: =[7]Summary!$O$7 -> 0 | S12: =[7]Summary!$P$7 -> 0 | T12: =[7]Summary!$Q$7 -> - | U12: =[7]Summary!$R$7 -> - | W12: =[7]Summary!$S$7 -> 0 | X12: =[7]Summary!$T$7 -> 0 | Y12: =[7]Summary!$U$7 -> - | Z12: =[7]Summary!$V$7 -> - | AB12: =[7]Summary!$W$7 -> 0 | AC12: =[7]Summary!$X$7 -> 0 | AD12: =[7]Summary!$Y$7 -> - | AE12: =[7]Summary!$Z$7 -> - | AG12: =[7]Summary!$AA$7 -> 42138 | AH12: =[7]Summary!$AB$7 -> ? | AI12: =[7]Summary!$AC$7 -> ? | AJ12: =[7]Summary!$AD$7 -> ? | AK12: =[7]Summary!$AE$7 -> RTL: POST: FPGA:
B13: 8 | C13: =[8]Summary!$B$7 -> Data Buffer | D13: =[8]Summary!$C$7 -> 김현욱 선임 | E13: =[8]Summary!$D$7 -> 김현욱 선임 | G13: =[8]Summary!$E$7 -> 0 | H13: =[8]Summary!$F$7 -> 0 | I13: =[8]Summary!$G$7 -> 0 | J13: =[8]Summary!$H$7 -> 0 | K13: =[8]Summary!$I$7 -> 0 | L13: =[8]Summary!$J$7 -> 0 | M13: =[8]Summary!$K$7 -> - | N13: =[8]Summary!$L$7 -> 0 | O13: =[8]Summary!$M$7 -> 0 | P13: =[8]Summary!$N$7 -> - | R13: =[8]Summary!$O$7 -> 0 | S13: =[8]Summary!$P$7 -> 0 | T13: =[8]Summary!$Q$7 -> - | U13: =[8]Summary!$R$7 -> - | W13: =[8]Summary!$S$7 -> 0 | X13: =[8]Summary!$T$7 -> 0 | Y13: =[8]Summary!$U$7 -> - | Z13: =[8]Summary!$V$7 -> - | AB13: =[8]Summary!$W$7 -> 0 | AC13: =[8]Summary!$X$7 -> 0 | AD13: =[8]Summary!$Y$7 -> - | AE13: =[8]Summary!$Z$7 -> - | AG13: =[8]Summary!$AA$7 -> 42138 | AH13: =[8]Summary!$AB$7 -> ? | AI13: =[8]Summary!$AC$7 -> ? | AJ13: =[8]Summary!$AD$7 -> ? | AK13: =[8]Summary!$AE$7 -> RTL: POST: FPGA:
B14: 9 | C14: =[9]Summary!$B$7 -> DMA | D14: =[9]Summary!$C$7 -> 김현욱 선임 | E14: =[9]Summary!$D$7 -> 김현욱 선임 | G14: =[9]Summary!$E$7 -> 0 | H14: =[9]Summary!$F$7 -> 0 | I14: =[9]Summary!$G$7 -> 0 | J14: =[9]Summary!$H$7 -> 0 | K14: =[9]Summary!$I$7 -> 0 | L14: =[9]Summary!$J$7 -> 0 | M14: =[9]Summary!$K$7 -> - | N14: =[9]Summary!$L$7 -> 0 | O14: =[9]Summary!$M$7 -> 0 | P14: =[9]Summary!$N$7 -> - | R14: =[9]Summary!$O$7 -> 0 | S14: =[9]Summary!$P$7 -> 0 | T14: =[9]Summary!$Q$7 -> - | U14: =[9]Summary!$R$7 -> - | W14: =[9]Summary!$S$7 -> 0 | X14: =[9]Summary!$T$7 -> 0 | Y14: =[9]Summary!$U$7 -> - | Z14: =[9]Summary!$V$7 -> - | AB14: =[9]Summary!$W$7 -> 0 | AC14: =[9]Summary!$X$7 -> 0 | AD14: =[9]Summary!$Y$7 -> - | AE14: =[9]Summary!$Z$7 -> - | AG14: =[9]Summary!$AA$7 -> 42138 | AH14: =[9]Summary!$AB$7 -> ? | AI14: =[9]Summary!$AC$7 -> ? | AJ14: =[9]Summary!$AD$7 -> ? | AK14: =[9]Summary!$AE$7 -> RTL: POST: FPGA:
B15: 10 | C15: =[10]Summary!$B$7 -> Back Bone | D15: =[10]Summary!$C$7 -> 최호윤 수석 | E15: =[10]Summary!$D$7 -> 최호윤 수석 | G15: =[10]Summary!$E$7 -> 0 | H15: =[10]Summary!$F$7 -> 0 | I15: =[10]Summary!$G$7 -> 0 | J15: =[10]Summary!$H$7 -> 0 | K15: =[10]Summary!$I$7 -> 0 | L15: =[10]Summary!$J$7 -> 0 | M15: =[10]Summary!$K$7 -> - | N15: =[10]Summary!$L$7 -> 0 | O15: =[10]Summary!$M$7 -> 0 | P15: =[10]Summary!$N$7 -> - | R15: =[10]Summary!$O$7 -> 0 | S15: =[10]Summary!$P$7 -> 0 | T15: =[10]Summary!$Q$7 -> - | U15: =[10]Summary!$R$7 -> - | W15: =[10]Summary!$S$7 -> 0 | X15: =[10]Summary!$T$7 -> 0 | Y15: =[10]Summary!$U$7 -> - | Z15: =[10]Summary!$V$7 -> - | AB15: =[10]Summary!$W$7 -> 0 | AC15: =[10]Summary!$X$7 -> 0 | AD15: =[10]Summary!$Y$7 -> - | AE15: =[10]Summary!$Z$7 -> - | AG15: =[10]Summary!$AA$7 -> 42138 | AH15: =[10]Summary!$AB$7 -> ? | AI15: =[10]Summary!$AC$7 -> ? | AJ15: =[10]Summary!$AD$7 -> ? | AK15: =[10]Summary!$AE$7 -> RTL: POST: FPGA:
B16: 11 | C16: =[11]Summary!$B$7 -> System Controller | D16: =[11]Summary!$C$7 -> 김정욱 책임 | E16: =[11]Summary!$D$7 -> 김정욱 책임 | G16: =[11]Summary!$E$7 -> 0 | H16: =[11]Summary!$F$7 -> 0 | I16: =[11]Summary!$G$7 -> 0 | J16: =[11]Summary!$H$7 -> 0 | K16: =[11]Summary!$I$7 -> 0 | L16: =[11]Summary!$J$7 -> 0 | M16: =[11]Summary!$K$7 -> - | N16: =[11]Summary!$L$7 -> 0 | O16: =[11]Summary!$M$7 -> 0 | P16: =[11]Summary!$N$7 -> - | R16: =[11]Summary!$O$7 -> 0 | S16: =[11]Summary!$P$7 -> 0 | T16: =[11]Summary!$Q$7 -> - | U16: =[11]Summary!$R$7 -> - | W16: =[11]Summary!$S$7 -> 0 | X16: =[11]Summary!$T$7 -> 0 | Y16: =[11]Summary!$U$7 -> - | Z16: =[11]Summary!$V$7 -> - | AB16: =[11]Summary!$W$7 -> 0 | AC16: =[11]Summary!$X$7 -> 0 | AD16: =[11]Summary!$Y$7 -> - | AE16: =[11]Summary!$Z$7 -> - | AG16: =[11]Summary!$AA$7 -> 42138 | AH16: =[11]Summary!$AB$7 -> ? | AI16: =[11]Summary!$AC$7 -> ? | AJ16: =[11]Summary!$AD$7 -> ? | AK16: =[11]Summary!$AE$7 -> RTL: POST: FPGA:
B17: 12 | C17: =[12]Summary!$B$7 -> PMU | D17: =[12]Summary!$C$7 -> 김정욱 책임 | E17: =[12]Summary!$D$7 -> 김정욱 책임 | G17: =[12]Summary!$E$7 -> 0 | H17: =[12]Summary!$F$7 -> 0 | I17: =[12]Summary!$G$7 -> 0 | J17: =[12]Summary!$H$7 -> 0 | K17: =[12]Summary!$I$7 -> 0 | L17: =[12]Summary!$J$7 -> 0 | M17: =[12]Summary!$K$7 -> - | N17: =[12]Summary!$L$7 -> 0 | O17: =[12]Summary!$M$7 -> 0 | P17: =[12]Summary!$N$7 -> - | R17: =[12]Summary!$O$7 -> 0 | S17: =[12]Summary!$P$7 -> 0 | T17: =[12]Summary!$Q$7 -> - | U17: =[12]Summary!$R$7 -> - | W17: =[12]Summary!$S$7 -> 0 | X17: =[12]Summary!$T$7 -> 0 | Y17: =[12]Summary!$U$7 -> - | Z17: =[12]Summary!$V$7 -> - | AB17: =[12]Summary!$W$7 -> 0 | AC17: =[12]Summary!$X$7 -> 0 | AD17: =[12]Summary!$Y$7 -> - | AE17: =[12]Summary!$Z$7 -> - | AG17: =[12]Summary!$AA$7 -> 42138 | AH17: =[12]Summary!$AB$7 -> ? | AI17: =[12]Summary!$AC$7 -> ? | AJ17: =[12]Summary!$AD$7 -> ? | AK17: =[12]Summary!$AE$7 -> RTL: POST: FPGA:
B18: 13 | C18: =[13]Summary!$B$7 -> RPMB | D18: =[13]Summary!$C$7 -> 안병욱 선임 | E18: =[13]Summary!$D$7 -> 안병욱 선임 | G18: =[13]Summary!$E$7 -> 0 | H18: =[13]Summary!$F$7 -> 0 | I18: =[13]Summary!$G$7 -> 0 | J18: =[13]Summary!$H$7 -> 0 | K18: =[13]Summary!$I$7 -> 0 | L18: =[13]Summary!$J$7 -> 0 | M18: =[13]Summary!$K$7 -> - | N18: =[13]Summary!$L$7 -> 0 | O18: =[13]Summary!$M$7 -> 0 | P18: =[13]Summary!$N$7 -> - | R18: =[13]Summary!$O$7 -> 0 | S18: =[13]Summary!$P$7 -> 0 | T18: =[13]Summary!$Q$7 -> - | U18: =[13]Summary!$R$7 -> - | W18: =[13]Summary!$S$7 -> 0 | X18: =[13]Summary!$T$7 -> 0 | Y18: =[13]Summary!$U$7 -> - | Z18: =[13]Summary!$V$7 -> - | AB18: =[13]Summary!$W$7 -> 0 | AC18: =[13]Summary!$X$7 -> 0 | AD18: =[13]Summary!$Y$7 -> - | AE18: =[13]Summary!$Z$7 -> - | AG18: =[13]Summary!$AA$7 -> 42138 | AH18: =[13]Summary!$AB$7 -> ? | AI18: =[13]Summary!$AC$7 -> ? | AJ18: =[13]Summary!$AD$7 -> ? | AK18: =[13]Summary!$AE$7 -> RTL: POST: FPGA:
B19: 14 | C19: =[14]Summary!$B$7 -> Mail Box | D19: =[14]Summary!$C$7 -> 안병욱 선임 | E19: =[14]Summary!$D$7 -> 안병욱 선임 | G19: =[14]Summary!$E$7 -> 0 | H19: =[14]Summary!$F$7 -> 0 | I19: =[14]Summary!$G$7 -> 0 | J19: =[14]Summary!$H$7 -> 0 | K19: =[14]Summary!$I$7 -> 0 | L19: =[14]Summary!$J$7 -> 0 | M19: =[14]Summary!$K$7 -> - | N19: =[14]Summary!$L$7 -> 0 | O19: =[14]Summary!$M$7 -> 0 | P19: =[14]Summary!$N$7 -> - | R19: =[14]Summary!$O$7 -> 0 | S19: =[14]Summary!$P$7 -> 0 | T19: =[14]Summary!$Q$7 -> - | U19: =[14]Summary!$R$7 -> - | W19: =[14]Summary!$S$7 -> 0 | X19: =[14]Summary!$T$7 -> 0 | Y19: =[14]Summary!$U$7 -> - | Z19: =[14]Summary!$V$7 -> - | AB19: =[14]Summary!$W$7 -> 0 | AC19: =[14]Summary!$X$7 -> 0 | AD19: =[14]Summary!$Y$7 -> - | AE19: =[14]Summary!$Z$7 -> - | AG19: =[14]Summary!$AA$7 -> 42138 | AH19: =[14]Summary!$AB$7 -> ? | AI19: =[14]Summary!$AC$7 -> ? | AJ19: =[14]Summary!$AD$7 -> ? | AK19: =[14]Summary!$AE$7 -> RTL: POST: FPGA:
B20: 15 | C20: =[15]Summary!$B$7 -> Timer | D20: =[15]Summary!$C$7 -> 안병욱 선임 | E20: =[15]Summary!$D$7 -> 안병욱 선임 | G20: =[15]Summary!$E$7 -> 0 | H20: =[15]Summary!$F$7 -> 0 | I20: =[15]Summary!$G$7 -> 0 | J20: =[15]Summary!$H$7 -> 0 | K20: =[15]Summary!$I$7 -> 0 | L20: =[15]Summary!$J$7 -> 0 | M20: =[15]Summary!$K$7 -> - | N20: =[15]Summary!$L$7 -> 0 | O20: =[15]Summary!$M$7 -> 0 | P20: =[15]Summary!$N$7 -> - | R20: =[15]Summary!$O$7 -> 0 | S20: =[15]Summary!$P$7 -> 0 | T20: =[15]Summary!$Q$7 -> - | U20: =[15]Summary!$R$7 -> - | W20: =[15]Summary!$S$7 -> 0 | X20: =[15]Summary!$T$7 -> 0 | Y20: =[15]Summary!$U$7 -> - | Z20: =[15]Summary!$V$7 -> - | AB20: =[15]Summary!$W$7 -> 0 | AC20: =[15]Summary!$X$7 -> 0 | AD20: =[15]Summary!$Y$7 -> - | AE20: =[15]Summary!$Z$7 -> - | AG20: =[15]Summary!$AA$7 -> 42138 | AH20: =[15]Summary!$AB$7 -> ? | AI20: =[15]Summary!$AC$7 -> ? | AJ20: =[15]Summary!$AD$7 -> ? | AK20: =[15]Summary!$AE$7 -> RTL: POST: FPGA:
B21: 16 | C21: =[16]Summary!$B$7 -> WDT | D21: =[16]Summary!$C$7 -> 안병욱 선임 | E21: =[16]Summary!$D$7 -> 안병욱 선임 | G21: =[16]Summary!$E$7 -> 0 | H21: =[16]Summary!$F$7 -> 0 | I21: =[16]Summary!$G$7 -> 0 | J21: =[16]Summary!$H$7 -> 0 | K21: =[16]Summary!$I$7 -> 0 | L21: =[16]Summary!$J$7 -> 0 | M21: =[16]Summary!$K$7 -> - | N21: =[16]Summary!$L$7 -> 0 | O21: =[16]Summary!$M$7 -> 0 | P21: =[16]Summary!$N$7 -> - | R21: =[16]Summary!$O$7 -> 0 | S21: =[16]Summary!$P$7 -> 0 | T21: =[16]Summary!$Q$7 -> - | U21: =[16]Summary!$R$7 -> - | W21: =[16]Summary!$S$7 -> 0 | X21: =[16]Summary!$T$7 -> 0 | Y21: =[16]Summary!$U$7 -> - | Z21: =[16]Summary!$V$7 -> - | AB21: =[16]Summary!$W$7 -> 0 | AC21: =[16]Summary!$X$7 -> 0 | AD21: =[16]Summary!$Y$7 -> - | AE21: =[16]Summary!$Z$7 -> - | AG21: =[16]Summary!$AA$7 -> 42138 | AH21: =[16]Summary!$AB$7 -> ? | AI21: =[16]Summary!$AC$7 -> ? | AJ21: =[16]Summary!$AD$7 -> ? | AK21: =[16]Summary!$AE$7 -> RTL: POST: FPGA:
B22: 17 | C22: =[17]Summary!$B$7 -> UART | D22: =[17]Summary!$C$7 -> 안병욱 선임 | E22: =[17]Summary!$D$7 -> 안병욱 선임 | G22: =[17]Summary!$E$7 -> 0 | H22: =[17]Summary!$F$7 -> 0 | I22: =[17]Summary!$G$7 -> 0 | J22: =[17]Summary!$H$7 -> 0 | K22: =[17]Summary!$I$7 -> 0 | L22: =[17]Summary!$J$7 -> 0 | M22: =[17]Summary!$K$7 -> - | N22: =[17]Summary!$L$7 -> 0 | O22: =[17]Summary!$M$7 -> 0 | P22: =[17]Summary!$N$7 -> - | R22: =[17]Summary!$O$7 -> 0 | S22: =[17]Summary!$P$7 -> 0 | T22: =[17]Summary!$Q$7 -> - | U22: =[17]Summary!$R$7 -> - | W22: =[17]Summary!$S$7 -> 0 | X22: =[17]Summary!$T$7 -> 0 | Y22: =[17]Summary!$U$7 -> - | Z22: =[17]Summary!$V$7 -> - | AB22: =[17]Summary!$W$7 -> 0 | AC22: =[17]Summary!$X$7 -> 0 | AD22: =[17]Summary!$Y$7 -> - | AE22: =[17]Summary!$Z$7 -> - | AG22: =[17]Summary!$AA$7 -> 42138 | AH22: =[17]Summary!$AB$7 -> ? | AI22: =[17]Summary!$AC$7 -> ? | AJ22: =[17]Summary!$AD$7 -> ? | AK22: =[17]Summary!$AE$7 -> RTL: POST: FPGA:
B23: 18 | C23: =[18]Summary!$B$7 -> Clock Controller | D23: =[18]Summary!$C$7 -> 김정욱 책임 | E23: =[18]Summary!$D$7 -> 김정욱 책임 | G23: =[18]Summary!$E$7 -> 0 | H23: =[18]Summary!$F$7 -> 0 | I23: =[18]Summary!$G$7 -> 0 | J23: =[18]Summary!$H$7 -> 0 | K23: =[18]Summary!$I$7 -> 0 | L23: =[18]Summary!$J$7 -> 0 | M23: =[18]Summary!$K$7 -> - | N23: =[18]Summary!$L$7 -> 0 | O23: =[18]Summary!$M$7 -> 0 | P23: =[18]Summary!$N$7 -> - | R23: =[18]Summary!$O$7 -> 0 | S23: =[18]Summary!$P$7 -> 0 | T23: =[18]Summary!$Q$7 -> - | U23: =[18]Summary!$R$7 -> - | W23: =[18]Summary!$S$7 -> 0 | X23: =[18]Summary!$T$7 -> 0 | Y23: =[18]Summary!$U$7 -> - | Z23: =[18]Summary!$V$7 -> - | AB23: =[18]Summary!$W$7 -> 0 | AC23: =[18]Summary!$X$7 -> 0 | AD23: =[18]Summary!$Y$7 -> - | AE23: =[18]Summary!$Z$7 -> - | AG23: =[18]Summary!$AA$7 -> 42138 | AH23: =[18]Summary!$AB$7 -> ? | AI23: =[18]Summary!$AC$7 -> ? | AJ23: =[18]Summary!$AD$7 -> ? | AK23: =[18]Summary!$AE$7 -> RTL: POST: FPGA:
B24: 19 | C24: =[19]Summary!$B$7 -> Reset Controller | D24: =[19]Summary!$C$7 -> 김정욱 책임 | E24: =[19]Summary!$D$7 -> 김정욱 책임 | G24: =[19]Summary!$E$7 -> 0 | H24: =[19]Summary!$F$7 -> 0 | I24: =[19]Summary!$G$7 -> 0 | J24: =[19]Summary!$H$7 -> 0 | K24: =[19]Summary!$I$7 -> 0 | L24: =[19]Summary!$J$7 -> 0 | M24: =[19]Summary!$K$7 -> - | N24: =[19]Summary!$L$7 -> 0 | O24: =[19]Summary!$M$7 -> 0 | P24: =[19]Summary!$N$7 -> - | R24: =[19]Summary!$O$7 -> 0 | S24: =[19]Summary!$P$7 -> 0 | T24: =[19]Summary!$Q$7 -> - | U24: =[19]Summary!$R$7 -> - | W24: =[19]Summary!$S$7 -> 0 | X24: =[19]Summary!$T$7 -> 0 | Y24: =[19]Summary!$U$7 -> - | Z24: =[19]Summary!$V$7 -> - | AB24: =[19]Summary!$W$7 -> 0 | AC24: =[19]Summary!$X$7 -> 0 | AD24: =[19]Summary!$Y$7 -> - | AE24: =[19]Summary!$Z$7 -> - | AG24: =[19]Summary!$AA$7 -> 42138 | AH24: =[19]Summary!$AB$7 -> ? | AI24: =[19]Summary!$AC$7 -> ? | AJ24: =[19]Summary!$AD$7 -> ? | AK24: =[19]Summary!$AE$7 -> RTL: POST: FPGA:
B25: 20 | C25: =[20]Summary!$B$7 -> eFuse Controller | D25: =[20]Summary!$C$7 -> 안병욱 선임 | E25: =[20]Summary!$D$7 -> 안병욱 선임 | G25: =[20]Summary!$E$7 -> 0 | H25: =[20]Summary!$F$7 -> 0 | I25: =[20]Summary!$G$7 -> 0 | J25: =[20]Summary!$H$7 -> 0 | K25: =[20]Summary!$I$7 -> 0 | L25: =[20]Summary!$J$7 -> 0 | M25: =[20]Summary!$K$7 -> - | N25: =[20]Summary!$L$7 -> 0 | O25: =[20]Summary!$M$7 -> 0 | P25: =[20]Summary!$N$7 -> - | R25: =[20]Summary!$O$7 -> 0 | S25: =[20]Summary!$P$7 -> 0 | T25: =[20]Summary!$Q$7 -> - | U25: =[20]Summary!$R$7 -> - | W25: =[20]Summary!$S$7 -> 0 | X25: =[20]Summary!$T$7 -> 0 | Y25: =[20]Summary!$U$7 -> - | Z25: =[20]Summary!$V$7 -> - | AB25: =[20]Summary!$W$7 -> 0 | AC25: =[20]Summary!$X$7 -> 0 | AD25: =[20]Summary!$Y$7 -> - | AE25: =[20]Summary!$Z$7 -> - | AG25: =[20]Summary!$AA$7 -> 42138 | AH25: =[20]Summary!$AB$7 -> ? | AI25: =[20]Summary!$AC$7 -> ? | AJ25: =[20]Summary!$AD$7 -> ? | AK25: =[20]Summary!$AE$7 -> RTL: POST: FPGA:
B26: 21 | C26: =[21]Summary!$B$7 -> M-PHY | D26: =[21]Summary!$C$7 -> 이현주 선임 | E26: =[21]Summary!$D$7 -> 이현주 선임 | G26: =[21]Summary!$E$7 -> 0 | H26: =[21]Summary!$F$7 -> 0 | I26: =[21]Summary!$G$7 -> 0 | J26: =[21]Summary!$H$7 -> 0 | K26: =[21]Summary!$I$7 -> 0 | L26: =[21]Summary!$J$7 -> 0 | M26: =[21]Summary!$K$7 -> - | N26: =[21]Summary!$L$7 -> 0 | O26: =[21]Summary!$M$7 -> 0 | P26: =[21]Summary!$N$7 -> - | R26: =[21]Summary!$O$7 -> 0 | S26: =[21]Summary!$P$7 -> 0 | T26: =[21]Summary!$Q$7 -> - | U26: =[21]Summary!$R$7 -> - | W26: =[21]Summary!$S$7 -> 0 | X26: =[21]Summary!$T$7 -> 0 | Y26: =[21]Summary!$U$7 -> - | Z26: =[21]Summary!$V$7 -> - | AB26: =[21]Summary!$W$7 -> 0 | AC26: =[21]Summary!$X$7 -> 0 | AD26: =[21]Summary!$Y$7 -> - | AE26: =[21]Summary!$Z$7 -> - | AG26: =[21]Summary!$AA$7 -> 42138 | AH26: =[21]Summary!$AB$7 -> ? | AI26: =[21]Summary!$AC$7 -> ? | AJ26: =[21]Summary!$AD$7 -> ? | AK26: =[21]Summary!$AE$7 -> RTL: POST: FPGA:
B27: 22 | C27: =[22]Summary!$B$7 -> Nand PHY | D27: =[22]Summary!$C$7 -> 이종용 선임 | E27: =[22]Summary!$D$7 -> 이종용 선임 | G27: =[22]Summary!$E$7 -> 0 | H27: =[22]Summary!$F$7 -> 0 | I27: =[22]Summary!$G$7 -> 0 | J27: =[22]Summary!$H$7 -> 0 | K27: =[22]Summary!$I$7 -> 0 | L27: =[22]Summary!$J$7 -> 0 | M27: =[22]Summary!$K$7 -> - | N27: =[22]Summary!$L$7 -> 0 | O27: =[22]Summary!$M$7 -> 0 | P27: =[22]Summary!$N$7 -> - | R27: =[22]Summary!$O$7 -> 0 | S27: =[22]Summary!$P$7 -> 0 | T27: =[22]Summary!$Q$7 -> - | U27: =[22]Summary!$R$7 -> - | W27: =[22]Summary!$S$7 -> 0 | X27: =[22]Summary!$T$7 -> 0 | Y27: =[22]Summary!$U$7 -> - | Z27: =[22]Summary!$V$7 -> - | AB27: =[22]Summary!$W$7 -> 0 | AC27: =[22]Summary!$X$7 -> 0 | AD27: =[22]Summary!$Y$7 -> - | AE27: =[22]Summary!$Z$7 -> - | AG27: =[22]Summary!$AA$7 -> 42138 | AH27: =[22]Summary!$AB$7 -> ? | AI27: =[22]Summary!$AC$7 -> ? | AJ27: =[22]Summary!$AD$7 -> ? | AK27: =[22]Summary!$AE$7 -> RTL: POST: FPGA:
B28: 23 | C28: =[23]Summary!$B$7 -> Nand IO | D28: =[23]Summary!$C$7 -> 이종용 선임 | E28: =[23]Summary!$D$7 -> 이종용 선임 | G28: =[23]Summary!$E$7 -> 0 | H28: =[23]Summary!$F$7 -> 0 | I28: =[23]Summary!$G$7 -> 0 | J28: =[23]Summary!$H$7 -> 0 | K28: =[23]Summary!$I$7 -> 0 | L28: =[23]Summary!$J$7 -> 0 | M28: =[23]Summary!$K$7 -> - | N28: =[23]Summary!$L$7 -> 0 | O28: =[23]Summary!$M$7 -> 0 | P28: =[23]Summary!$N$7 -> - | R28: =[23]Summary!$O$7 -> 0 | S28: =[23]Summary!$P$7 -> 0 | T28: =[23]Summary!$Q$7 -> - | U28: =[23]Summary!$R$7 -> - | W28: =[23]Summary!$S$7 -> 0 | X28: =[23]Summary!$T$7 -> 0 | Y28: =[23]Summary!$U$7 -> - | Z28: =[23]Summary!$V$7 -> - | AB28: =[23]Summary!$W$7 -> 0 | AC28: =[23]Summary!$X$7 -> 0 | AD28: =[23]Summary!$Y$7 -> - | AE28: =[23]Summary!$Z$7 -> - | AG28: =[23]Summary!$AA$7 -> 42138 | AH28: =[23]Summary!$AB$7 -> ? | AI28: =[23]Summary!$AC$7 -> ? | AJ28: =[23]Summary!$AD$7 -> ? | AK28: =[23]Summary!$AE$7 -> RTL: POST: FPGA:
B29: 24 | C29: =[24]Summary!$B$7 -> Test Mux | D29: =[24]Summary!$C$7 -> 양창호 선임 | E29: =[24]Summary!$D$7 -> 양창호 선임 | G29: =[24]Summary!$E$7 -> 0 | H29: =[24]Summary!$F$7 -> 0 | I29: =[24]Summary!$G$7 -> 0 | J29: =[24]Summary!$H$7 -> 0 | K29: =[24]Summary!$I$7 -> 0 | L29: =[24]Summary!$J$7 -> 0 | M29: =[24]Summary!$K$7 -> - | N29: =[24]Summary!$L$7 -> 0 | O29: =[24]Summary!$M$7 -> 0 | P29: =[24]Summary!$N$7 -> - | R29: =[24]Summary!$O$7 -> 0 | S29: =[24]Summary!$P$7 -> 0 | T29: =[24]Summary!$Q$7 -> - | U29: =[24]Summary!$R$7 -> - | W29: =[24]Summary!$S$7 -> 0 | X29: =[24]Summary!$T$7 -> 0 | Y29: =[24]Summary!$U$7 -> - | Z29: =[24]Summary!$V$7 -> - | AB29: =[24]Summary!$W$7 -> 0 | AC29: =[24]Summary!$X$7 -> 0 | AD29: =[24]Summary!$Y$7 -> - | AE29: =[24]Summary!$Z$7 -> - | AG29: =[24]Summary!$AA$7 -> 42138 | AH29: =[24]Summary!$AB$7 -> ? | AI29: =[24]Summary!$AC$7 -> ? | AJ29: =[24]Summary!$AD$7 -> ? | AK29: =[24]Summary!$AE$7 -> RTL: POST: FPGA:
B30: 25 | C30: =[25]Summary!$B$7 -> HW Bypass | D30: =[25]Summary!$C$7 -> 양창호 선임 | E30: =[25]Summary!$D$7 -> 양창호 선임 | G30: =[25]Summary!$E$7 -> 0 | H30: =[25]Summary!$F$7 -> 0 | I30: =[25]Summary!$G$7 -> 0 | J30: =[25]Summary!$H$7 -> 0 | K30: =[25]Summary!$I$7 -> 0 | L30: =[25]Summary!$J$7 -> 0 | M30: =[25]Summary!$K$7 -> - | N30: =[25]Summary!$L$7 -> 0 | O30: =[25]Summary!$M$7 -> 0 | P30: =[25]Summary!$N$7 -> - | R30: =[25]Summary!$O$7 -> 0 | S30: =[25]Summary!$P$7 -> 0 | T30: =[25]Summary!$Q$7 -> - | U30: =[25]Summary!$R$7 -> - | W30: =[25]Summary!$S$7 -> 0 | X30: =[25]Summary!$T$7 -> 0 | Y30: =[25]Summary!$U$7 -> - | Z30: =[25]Summary!$V$7 -> - | AB30: =[25]Summary!$W$7 -> 0 | AC30: =[25]Summary!$X$7 -> 0 | AD30: =[25]Summary!$Y$7 -> - | AE30: =[25]Summary!$Z$7 -> - | AG30: =[25]Summary!$AA$7 -> 42138 | AH30: =[25]Summary!$AB$7 -> ? | AI30: =[25]Summary!$AC$7 -> ? | AJ30: =[25]Summary!$AD$7 -> ? | AK30: =[25]Summary!$AE$7 -> RTL: POST: FPGA:
B31: 26 | C31: =[26]Summary!$B$7 -> Analog IP | D31: =[26]Summary!$C$7 -> 양창호 선임 | E31: =[26]Summary!$D$7 -> 양창호 선임 | G31: =[26]Summary!$E$7 -> 0 | H31: =[26]Summary!$F$7 -> 0 | I31: =[26]Summary!$G$7 -> 0 | J31: =[26]Summary!$H$7 -> 0 | K31: =[26]Summary!$I$7 -> 0 | L31: =[26]Summary!$J$7 -> 0 | M31: =[26]Summary!$K$7 -> - | N31: =[26]Summary!$L$7 -> 0 | O31: =[26]Summary!$M$7 -> 0 | P31: =[26]Summary!$N$7 -> - | R31: =[26]Summary!$O$7 -> 0 | S31: =[26]Summary!$P$7 -> 0 | T31: =[26]Summary!$Q$7 -> - | U31: =[26]Summary!$R$7 -> - | W31: =[26]Summary!$S$7 -> 0 | X31: =[26]Summary!$T$7 -> 0 | Y31: =[26]Summary!$U$7 -> - | Z31: =[26]Summary!$V$7 -> - | AB31: =[26]Summary!$W$7 -> 0 | AC31: =[26]Summary!$X$7 -> 0 | AD31: =[26]Summary!$Y$7 -> - | AE31: =[26]Summary!$Z$7 -> - | AG31: =[26]Summary!$AA$7 -> 42138 | AH31: =[26]Summary!$AB$7 -> ? | AI31: =[26]Summary!$AC$7 -> ? | AJ31: =[26]Summary!$AD$7 -> ? | AK31: =[26]Summary!$AE$7 -> RTL: POST: FPGA:
B32: 27 | C32: =[27]Summary!$B$7 -> GPIO | D32: =[27]Summary!$C$7 -> 양창호 선임 | E32: =[27]Summary!$D$7 -> 양창호 선임 | G32: =[27]Summary!$E$7 -> 0 | H32: =[27]Summary!$F$7 -> 0 | I32: =[27]Summary!$G$7 -> 0 | J32: =[27]Summary!$H$7 -> 0 | K32: =[27]Summary!$I$7 -> 0 | L32: =[27]Summary!$J$7 -> 0 | M32: =[27]Summary!$K$7 -> - | N32: =[27]Summary!$L$7 -> 0 | O32: =[27]Summary!$M$7 -> 0 | P32: =[27]Summary!$N$7 -> - | R32: =[27]Summary!$O$7 -> 0 | S32: =[27]Summary!$P$7 -> 0 | T32: =[27]Summary!$Q$7 -> - | U32: =[27]Summary!$R$7 -> - | W32: =[27]Summary!$S$7 -> 0 | X32: =[27]Summary!$T$7 -> 0 | Y32: =[27]Summary!$U$7 -> - | Z32: =[27]Summary!$V$7 -> - | AB32: =[27]Summary!$W$7 -> 0 | AC32: =[27]Summary!$X$7 -> 0 | AD32: =[27]Summary!$Y$7 -> - | AE32: =[27]Summary!$Z$7 -> - | AG32: =[27]Summary!$AA$7 -> 42138 | AH32: =[27]Summary!$AB$7 -> ? | AI32: =[27]Summary!$AC$7 -> ? | AJ32: =[27]Summary!$AD$7 -> ? | AK32: =[27]Summary!$AE$7 -> RTL: POST: FPGA:
B33: - | C33: =[28]Summary!$B$7 -> End to End | D33: =[28]Summary!$C$7 -> ALL | E33: =[28]Summary!$D$7 -> 조성엽 책임 | G33: =[28]Summary!$E$7 -> 0 | H33: =[28]Summary!$F$7 -> 0 | I33: =[28]Summary!$G$7 -> 0 | J33: =[28]Summary!$H$7 -> 0 | K33: =[28]Summary!$I$7 -> 0 | L33: =[28]Summary!$J$7 -> 0 | M33: =[28]Summary!$K$7 -> - | N33: =[28]Summary!$L$7 -> 0 | O33: =[28]Summary!$M$7 -> 0 | P33: =[28]Summary!$N$7 -> - | R33: =[28]Summary!$O$7 -> 0 | S33: =[28]Summary!$P$7 -> 0 | T33: =[28]Summary!$Q$7 -> - | U33: =[28]Summary!$R$7 -> - | W33: =[28]Summary!$S$7 -> 0 | X33: =[28]Summary!$T$7 -> 0 | Y33: =[28]Summary!$U$7 -> - | Z33: =[28]Summary!$V$7 -> - | AB33: =[28]Summary!$W$7 -> 0 | AC33: =[28]Summary!$X$7 -> 0 | AD33: =[28]Summary!$Y$7 -> - | AE33: =[28]Summary!$Z$7 -> - | AG33: =[28]Summary!$AA$7 -> 42138 | AH33: =[28]Summary!$AB$7 -> ? | AI33: =[28]Summary!$AC$7 -> ? | AJ33: =[28]Summary!$AD$7 -> ? | AK33: =[28]Summary!$AE$7 -> RTL: POST: FPGA:
B34: - | C34: =[29]Summary!$B$7 -> Post-Silicon Validation | D34: =[29]Summary!$C$7 -> ALL | E34: =[29]Summary!$D$7 -> ALL
B35: Sub Average | G35: =AVERAGE(G6:G33) -> 0 | H35: =AVERAGE(H6:H33) -> 0 | I35: =AVERAGE(I6:I33) -> 0 | J35: =AVERAGE(J6:J33) -> 0 | K35: =AVERAGE(K6:K33) -> 0 | L35: =AVERAGE(L6:L33) -> 0 | N35: =AVERAGE(N7:N33) -> 0 | O35: =AVERAGE(O6:O33) -> 0 | R35: =AVERAGE(R6:R33) -> 0 | S35: =AVERAGE(S6:S33) -> 0 | T35: - | W35: =AVERAGE(W6:W33) -> 0 | X35: =AVERAGE(X6:X33) -> 0 | Y35: - | AB35: =AVERAGE(AB6:AB33) -> 0 | AC35: =AVERAGE(AC6:AC33) -> 0 | AD35: -
B36: Sub Sum | G36: =SUM(G6:G33) -> 0 | H36: =SUM(H6:H33) -> 0 | I36: =SUM(I6:I33) -> 0 | J36: =SUM(J6:J33) -> 0 | K36: =SUM(K6:K33) -> 0 | L36: =SUM(L6:L33) -> 0 | M36: =IF(G36=0, "-", L36/G36) -> - | N36: - | O36: - | R36: =SUM(R6:R33) -> 0 | S36: =SUM(S6:S33) -> 0 | T36: =IF(R36=0, "-", S36/R36) -> - | W36: =SUM(W6:W33) -> 0 | X36: =SUM(X6:X33) -> 0 | Y36: =IF(W36=0, "-", X36/W36) -> - | AB36: =SUM(AB6:AB33) -> 0 | AC36: =SUM(AC6:AC33) -> 0 | AD36: =IF(AB36=0, "-", AC36/AB36) -> -
B37: Total | R37: =G36+R36 -> 0 | S37: =L36+S36 -> 0 | T37: =IF(R37=0, "-", S37/R37) -> -
AG39: 1
AG40: 0.9
AG41: 0.7
AG42: 0.5
AG43: 0

Sheet VerificationStatusHistory
B2: Armstrong Verification Summary History
B4: Date | C4: RTL Sim. | I4: FPGA | M4: POST Sim. | Q4: ASIC
C5: Cases | D5: Pass | E5: Prog. | F5: Cov. SoC (F2,F3) | G5: Cov. S.A (F0,F1) | H5: Done | I5: Cases | J5: Pass | K5: Prog. | L5: Done | M5: Cases | N5: Pass | O5: Prog. | P5: Done | Q5: Cases | R5: Pass | S5: Prog. | T5: Done

Sheet Statistics

Sheet Statistics_temp

Sheet Table
D2: test category | X2: test level
D3: RTL | I3: FPGA | N3: POST | S3: ASIC
D4: Sanity Test | E4: Function Test | F4: Comprehensive Test | G4: Performance & Regression Test | H4: Specific & Etc. Test | I4: Sanity Test | J4: Function Test | K4: Comprehensive Test | L4: Performance & Regression Test | M4: Specific & Etc. Test | N4: Sanity Test | O4: Function Test | P4: Comprehensive Test | Q4: Performance & Regression Test | R4: Specific & Etc. Test | S4: Sanity Test | T4: Function Test | U4: Comprehensive Test | V4: Performance & Regression Test | W4: Specific & Etc. Test | X4: etc. | Y4: F0 | Z4: F1 | AA4: F1_all | AB4: F2_all | AC4: F3 | AD4: F3_all | AE4: FPGA | AF4: ASIC
B5: 1 | C5: =[30]Summary!$B$7 -> ARC-EM4 | D5: =[30]Summary!$D$12 -> 9 | E5: =[30]Summary!$D$13 -> 13 | F5: =[30]Summary!$D$14 -> 0 | G5: =[30]Summary!$D$15 -> 0 | H5: =[30]Summary!$D$16 -> 0 | I5: =[30]Summary!$E$12 -> 6 | J5: =[30]Summary!$E$13 -> 18 | K5: =[30]Summary!$E$14 -> 1 | L5: =[30]Summary!$E$15 -> 0 | M5: =[30]Summary!$E$16 -> 0 | N5: =[30]Summary!$F$12 -> 2 | O5: =[30]Summary!$F$13 -> 6 | P5: =[30]Summary!$F$14 -> 0 | Q5: =[30]Summary!$F$15 -> 0 | R5: =[30]Summary!$F$16 -> 0 | S5: =[30]Summary!$G$12 -> 5 | T5: =[30]Summary!$G$13 -> 17 | U5: =[30]Summary!$G$14 -> 10 | V5: =[30]Summary!$G$15 -> 0 | W5: =[30]Summary!$G$16 -> 0 | X5: =[30]Summary!$D$20 -> 2 | Y5: =[30]Summary!$D$21 -> 0 | Z5: =[30]Summary!$D$22 -> 3 | AA5: =[30]Summary!$D$23 -> 3 | AB5: =[30]Summary!$D$24 -> 16 | AC5: =[30]Summary!$D$25 -> 2 | AD5: =[30]Summary!$D$26 -> 0 | AE5: =[30]Summary!$D$27 -> 8 | AF5: =[30]Summary!$D$28 -> 9
B6: 2 | C6: =[31]Summary!$B$7 -> NFC | D6: =[31]Summary!$D$12 -> 202 | E6: =[31]Summary!$D$13 -> 54 | F6: =[31]Summary!$D$14 -> 57 | G6: =[31]Summary!$D$15 -> 4 | H6: =[31]Summary!$D$16 -> 0 | I6: =[31]Summary!$E$12 -> 3 | J6: =[31]Summary!$E$13 -> 54 | K6: =[31]Summary!$E$14 -> 54 | L6: =[31]Summary!$E$15 -> 20 | M6: =[31]Summary!$E$16 -> 5 | N6: =[31]Summary!$F$12 -> 1 | O6: =[31]Summary!$F$13 -> 25 | P6: =[31]Summary!$F$14 -> 0 | Q6: =[31]Summary!$F$15 -> 0 | R6: =[31]Summary!$F$16 -> 0 | S6: =[31]Summary!$G$12 -> 0 | T6: =[31]Summary!$G$13 -> 57 | U6: =[31]Summary!$G$14 -> 59 | V6: =[31]Summary!$G$15 -> 9 | W6: =[31]Summary!$G$16 -> 0 | X6: =[31]Summary!$D$20 -> 1 | Y6: =[31]Summary!$D$21 -> 204 | Z6: =[31]Summary!$D$22 -> 0 | AA6: =[31]Summary!$D$23 -> 100 | AB6: =[31]Summary!$D$24 -> 15 | AC6: =[31]Summary!$D$25 -> 5 | AD6: =[31]Summary!$D$26 -> 0 | AE6: =[31]Summary!$D$27 -> 26 | AF6: =[31]Summary!$D$28 -> 0
B7: 3 | C7: =[32]Summary!$B$7 -> ECC | D7: =[32]Summary!$D$12 -> 1 | E7: =[32]Summary!$D$13 -> 50 | F7: =[32]Summary!$D$14 -> 2 | G7: =[32]Summary!$D$15 -> 0 | H7: =[32]Summary!$D$16 -> 0 | I7: =[32]Summary!$E$12 -> 0 | J7: =[32]Summary!$E$13 -> 0 | K7: =[32]Summary!$E$14 -> 2 | L7: =[32]Summary!$E$15 -> 0 | M7: =[32]Summary!$E$16 -> 0 | N7: =[32]Summary!$F$12 -> 0 | O7: =[32]Summary!$F$13 -> 0 | P7: =[32]Summary!$F$14 -> 0 | Q7: =[32]Summary!$F$15 -> 0 | R7: =[32]Summary!$F$16 -> 0 | S7: =[32]Summary!$G$12 -> 0 | T7: =[32]Summary!$G$13 -> 0 | U7: =[32]Summary!$G$14 -> 2 | V7: =[32]Summary!$G$15 -> 0 | W7: =[32]Summary!$G$16 -> 0 | X7: =[32]Summary!$D$20 -> 1 | Y7: =[32]Summary!$D$21 -> 50 | Z7: =[32]Summary!$D$22 -> 0 | AA7: =[32]Summary!$D$23 -> 2 | AB7: =[32]Summary!$D$24 -> 0 | AC7: =[32]Summary!$D$25 -> 0 | AD7: =[32]Summary!$D$26 -> 0 | AE7: =[32]Summary!$D$27 -> 0 | AF7: =[32]Summary!$D$28 -> 0
B8: 4 | C8: =[33]Summary!$B$7 -> CDE | D8: =[33]Summary!$D$12 -> 6 | E8: =[33]Summary!$D$13 -> 7 | F8: =[33]Summary!$D$14 -> 8 | G8: =[33]Summary!$D$15 -> 0 | H8: =[33]Summary!$D$16 -> 0 | I8: =[33]Summary!$E$12 -> 5 | J8: =[33]Summary!$E$13 -> 7 | K8: =[33]Summary!$E$14 -> 13 | L8: =[33]Summary!$E$15 -> 0 | M8: =[33]Summary!$E$16 -> 0 | N8: =[33]Summary!$F$12 -> 0 | O8: =[33]Summary!$F$13 -> 0 | P8: =[33]Summary!$F$14 -> 1 | Q8: =[33]Summary!$F$15 -> 0 | R8: =[33]Summary!$F$16 -> 0 | S8: =[33]Summary!$G$12 -> 3 | T8: =[33]Summary!$G$13 -> 7 | U8: =[33]Summary!$G$14 -> 13 | V8: =[33]Summary!$G$15 -> 0 | W8: =[33]Summary!$G$16 -> 0 | X8: =[33]Summary!$D$20 -> 1 | Y8: =[33]Summary!$D$21 -> 0 | Z8: =[33]Summary!$D$22 -> 0 | AA8: =[33]Summary!$D$23 -> 10 | AB8: =[33]Summary!$D$24 -> 14 | AC8: =[33]Summary!$D$25 -> 1 | AD8: =[33]Summary!$D$26 -> 0 | AE8: =[33]Summary!$D$27 -> 0 | AF8: =[33]Summary!$D$28 -> 0
B9: 5 | C9: =[34]Summary!$B$7 -> Boost Engine | D9: =[34]Summary!$D$12 -> 4 | E9: =[34]Summary!$D$13 -> 6 | F9: =[34]Summary!$D$14 -> 0 | G9: =[34]Summary!$D$15 -> 0 | H9: =[34]Summary!$D$16 -> 0 | I9: =[34]Summary!$E$12 -> 3 | J9: =[34]Summary!$E$13 -> 3 | K9: =[34]Summary!$E$14 -> 0 | L9: =[34]Summary!$E$15 -> 0 | M9: =[34]Summary!$E$16 -> 0 | N9: =[34]Summary!$F$12 -> 0 | O9: =[34]Summary!$F$13 -> 0 | P9: =[34]Summary!$F$14 -> 0 | Q9: =[34]Summary!$F$15 -> 0 | R9: =[34]Summary!$F$16 -> 0 | S9: =[34]Summary!$G$12 -> 0 | T9: =[34]Summary!$G$13 -> 2 | U9: =[34]Summary!$G$14 -> 0 | V9: =[34]Summary!$G$15 -> 0 | W9: =[34]Summary!$G$16 -> 0 | X9: =[34]Summary!$D$20 -> 1 | Y9: =[34]Summary!$D$21 -> 0 | Z9: =[34]Summary!$D$22 -> 2 | AA9: =[34]Summary!$D$23 -> 2 | AB9: =[34]Summary!$D$24 -> 4 | AC9: =[34]Summary!$D$25 -> 1 | AD9: =[34]Summary!$D$26 -> 0 | AE9: =[34]Summary!$D$27 -> 0 | AF9: =[34]Summary!$D$28 -> 0
B10: 6 | C10: =[35]Summary!$B$7 -> UFS | D10: =[35]Summary!$D$12 -> 194 | E10: =[35]Summary!$D$13 -> 56 | F10: =[35]Summary!$D$14 -> 0 | G10: =[35]Summary!$D$15 -> 7 | H10: =[35]Summary!$D$16 -> 0 | I10: =[35]Summary!$E$12 -> 14 | J10: =[35]Summary!$E$13 -> 0 | K10: =[35]Summary!$E$14 -> 27 | L10: =[35]Summary!$E$15 -> 0 | M10: =[35]Summary!$E$16 -> 0 | N10: =[35]Summary!$F$12 -> 0 | O10: =[35]Summary!$F$13 -> 4 | P10: =[35]Summary!$F$14 -> 0 | Q10: =[35]Summary!$F$15 -> 0 | R10: =[35]Summary!$F$16 -> 0 | S10: =[35]Summary!$G$12 -> 0 | T10: =[35]Summary!$G$13 -> 0 | U10: =[35]Summary!$G$14 -> 0 | V10: =[35]Summary!$G$15 -> 0 | W10: =[35]Summary!$G$16 -> 0 | X10: =[35]Summary!$D$20 -> 1 | Y10: =[35]Summary!$D$21 -> 0 | Z10: =[35]Summary!$D$22 -> 193 | AA10: =[35]Summary!$D$23 -> 1 | AB10: =[35]Summary!$D$24 -> 75 | AC10: =[35]Summary!$D$25 -> 5 | AD10: =[35]Summary!$D$26 -> 0 | AE10: =[35]Summary!$D$27 -> 42 | AF10: =[35]Summary!$D$28 -> 0
B11: 7 | C11: =[36]Summary!$B$7 -> AES-UFS | D11: =[36]Summary!$D$12 -> 4 | E11: =[36]Summary!$D$13 -> 19 | F11: =[36]Summary!$D$14 -> 12 | G11: =[36]Summary!$D$15 -> 0 | H11: =[36]Summary!$D$16 -> 0 | I11: =[36]Summary!$E$12 -> 3 | J11: =[36]Summary!$E$13 -> 13 | K11: =[36]Summary!$E$14 -> 7 | L11: =[36]Summary!$E$15 -> 1 | M11: =[36]Summary!$E$16 -> 61 | N11: =[36]Summary!$F$12 -> 0 | O11: =[36]Summary!$F$13 -> 0 | P11: =[36]Summary!$F$14 -> 0 | Q11: =[36]Summary!$F$15 -> 0 | R11: =[36]Summary!$F$16 -> 0 | S11: =[36]Summary!$G$12 -> 0 | T11: =[36]Summary!$G$13 -> 0 | U11: =[36]Summary!$G$14 -> 0 | V11: =[36]Summary!$G$15 -> 0 | W11: =[36]Summary!$G$16 -> 0 | X11: =[36]Summary!$D$20 -> 1 | Y11: =[36]Summary!$D$21 -> 0 | Z11: =[36]Summary!$D$22 -> 3 | AA11: =[36]Summary!$D$23 -> 17 | AB11: =[36]Summary!$D$24 -> 12 | AC11: =[36]Summary!$D$25 -> 1 | AD11: =[36]Summary!$D$26 -> 0 | AE11: =[36]Summary!$D$27 -> 65 | AF11: =[36]Summary!$D$28 -> 0
B12: 8 | C12: =[37]Summary!$B$7 -> AES-LB | D12: =[37]Summary!$D$12 -> 4 | E12: =[37]Summary!$D$13 -> 21 | F12: =[37]Summary!$D$14 -> 8 | G12: =[37]Summary!$D$15 -> 5 | H12: =[37]Summary!$D$16 -> 0 | I12: =[37]Summary!$E$12 -> 3 | J12: =[37]Summary!$E$13 -> 14 | K12: =[37]Summary!$E$14 -> 8 | L12: =[37]Summary!$E$15 -> 5 | M12: =[37]Summary!$E$16 -> 0 | N12: =[37]Summary!$F$12 -> 0 | O12: =[37]Summary!$F$13 -> 0 | P12: =[37]Summary!$F$14 -> 0 | Q12: =[37]Summary!$F$15 -> 0 | R12: =[37]Summary!$F$16 -> 0 | S12: =[37]Summary!$G$12 -> 0 | T12: =[37]Summary!$G$13 -> 0 | U12: =[37]Summary!$G$14 -> 0 | V12: =[37]Summary!$G$15 -> 0 | W12: =[37]Summary!$G$16 -> 0 | X12: =[37]Summary!$D$20 -> 1 | Y12: =[37]Summary!$D$21 -> 0 | Z12: =[37]Summary!$D$22 -> 7 | AA12: =[37]Summary!$D$23 -> 22 | AB12: =[37]Summary!$D$24 -> 2 | AC12: =[37]Summary!$D$25 -> 1 | AD12: =[37]Summary!$D$26 -> 0 | AE12: =[37]Summary!$D$27 -> 5 | AF12: =[37]Summary!$D$28 -> 0
B13: 9 | C13: =[38]Summary!$B$7 -> MACC | D13: =[38]Summary!$D$12 -> 5 | E13: =[38]Summary!$D$13 -> 5 | F13: =[38]Summary!$D$14 -> 28 | G13: =[38]Summary!$D$15 -> 1 | H13: =[38]Summary!$D$16 -> 0 | I13: =[38]Summary!$E$12 -> 3 | J13: =[38]Summary!$E$13 -> 5 | K13: =[38]Summary!$E$14 -> 17 | L13: =[38]Summary!$E$15 -> 0 | M13: =[38]Summary!$E$16 -> 0 | N13: =[38]Summary!$F$12 -> 0 | O13: =[38]Summary!$F$13 -> 0 | P13: =[38]Summary!$F$14 -> 2 | Q13: =[38]Summary!$F$15 -> 0 | R13: =[38]Summary!$F$16 -> 0 | S13: =[38]Summary!$G$12 -> 3 | T13: =[38]Summary!$G$13 -> 5 | U13: =[38]Summary!$G$14 -> 17 | V13: =[38]Summary!$G$15 -> 0 | W13: =[38]Summary!$G$16 -> 0 | X13: =[38]Summary!$D$20 -> 1 | Y13: =[38]Summary!$D$21 -> 0 | Z13: =[38]Summary!$D$22 -> 0 | AA13: =[38]Summary!$D$23 -> 18 | AB13: =[38]Summary!$D$24 -> 18 | AC13: =[38]Summary!$D$25 -> 2 | AD13: =[38]Summary!$D$26 -> 0 | AE13: =[38]Summary!$D$27 -> 0 | AF13: =[38]Summary!$D$28 -> 0
B14: 10 | C14: =[39]Summary!$B$7 -> Backbone | D14: =[39]Summary!$D$12 -> 3 | E14: =[39]Summary!$D$13 -> 0 | F14: =[39]Summary!$D$14 -> 2 | G14: =[39]Summary!$D$15 -> 0 | H14: =[39]Summary!$D$16 -> 0 | I14: =[39]Summary!$E$12 -> 0 | J14: =[39]Summary!$E$13 -> 0 | K14: =[39]Summary!$E$14 -> 0 | L14: =[39]Summary!$E$15 -> 0 | M14: =[39]Summary!$E$16 -> 0 | N14: =[39]Summary!$F$12 -> 0 | O14: =[39]Summary!$F$13 -> 0 | P14: =[39]Summary!$F$14 -> 0 | Q14: =[39]Summary!$F$15 -> 0 | R14: =[39]Summary!$F$16 -> 0 | S14: =[39]Summary!$G$12 -> 0 | T14: =[39]Summary!$G$13 -> 0 | U14: =[39]Summary!$G$14 -> 0 | V14: =[39]Summary!$G$15 -> 0 | W14: =[39]Summary!$G$16 -> 0 | X14: =[39]Summary!$D$20 -> 1 | Y14: =[39]Summary!$D$21 -> 0 | Z14: =[39]Summary!$D$22 -> 3 | AA14: =[39]Summary!$D$23 -> 1 | AB14: =[39]Summary!$D$24 -> 0 | AC14: =[39]Summary!$D$25 -> 0 | AD14: =[39]Summary!$D$26 -> 0 | AE14: =[39]Summary!$D$27 -> 0 | AF14: =[39]Summary!$D$28 -> 0
B15: 11 | C15: =[40]Summary!$B$7 -> Buffer Manager | D15: =[40]Summary!$D$12 -> 4 | E15: =[40]Summary!$D$13 -> 27 | F15: =[40]Summary!$D$14 -> 26 | G15: =[40]Summary!$D$15 -> 0 | H15: =[40]Summary!$D$16 -> 0 | I15: =[40]Summary!$E$12 -> 3 | J15: =[40]Summary!$E$13 -> 7 | K15: =[40]Summary!$E$14 -> 19 | L15: =[40]Summary!$E$15 -> 0 | M15: =[40]Summary!$E$16 -> 0 | N15: =[40]Summary!$F$12 -> 0 | O15: =[40]Summary!$F$13 -> 1 | P15: =[40]Summary!$F$14 -> 0 | Q15: =[40]Summary!$F$15 -> 0 | R15: =[40]Summary!$F$16 -> 0 | S15: =[40]Summary!$G$12 -> 3 | T15: =[40]Summary!$G$13 -> 4 | U15: =[40]Summary!$G$14 -> 5 | V15: =[40]Summary!$G$15 -> 0 | W15: =[40]Summary!$G$16 -> 0 | X15: =[40]Summary!$D$20 -> 1 | Y15: =[40]Summary!$D$21 -> 0 | Z15: =[40]Summary!$D$22 -> 27 | AA15: =[40]Summary!$D$23 -> 7 | AB15: =[40]Summary!$D$24 -> 16 | AC15: =[40]Summary!$D$25 -> 3 | AD15: =[40]Summary!$D$26 -> 4 | AE15: =[40]Summary!$D$27 -> 0 | AF15: =[40]Summary!$D$28 -> 0
B16: 12 | C16: =[41]Summary!$B$7 -> System Memory | D16: =[41]Summary!$D$12 -> 2 | E16: =[41]Summary!$D$13 -> 39 | F16: =[41]Summary!$D$14 -> 0 | G16: =[41]Summary!$D$15 -> 0 | H16: =[41]Summary!$D$16 -> 0 | I16: =[41]Summary!$E$12 -> 0 | J16: =[41]Summary!$E$13 -> 3 | K16: =[41]Summary!$E$14 -> 0 | L16: =[41]Summary!$E$15 -> 0 | M16: =[41]Summary!$E$16 -> 0 | N16: =[41]Summary!$F$12 -> 0 | O16: =[41]Summary!$F$13 -> 3 | P16: =[41]Summary!$F$14 -> 0 | Q16: =[41]Summary!$F$15 -> 0 | R16: =[41]Summary!$F$16 -> 0 | S16: =[41]Summary!$G$12 -> 0 | T16: =[41]Summary!$G$13 -> 3 | U16: =[41]Summary!$G$14 -> 0 | V16: =[41]Summary!$G$15 -> 0 | W16: =[41]Summary!$G$16 -> 0 | X16: =[41]Summary!$D$20 -> 2 | Y16: =[41]Summary!$D$21 -> 0 | Z16: =[41]Summary!$D$22 -> 40 | AA16: =[41]Summary!$D$23 -> 0 | AB16: =[41]Summary!$D$24 -> 0 | AC16: =[41]Summary!$D$25 -> 0 | AD16: =[41]Summary!$D$26 -> 0 | AE16: =[41]Summary!$D$27 -> 0 | AF16: =[41]Summary!$D$28 -> 0
B17: 13 | C17: =[42]Summary!$B$7 -> Data Buffer | D17: =[42]Summary!$D$12 -> 2 | E17: =[42]Summary!$D$13 -> 40 | F17: =[42]Summary!$D$14 -> 0 | G17: =[42]Summary!$D$15 -> 0 | H17: =[42]Summary!$D$16 -> 0 | I17: =[42]Summary!$E$12 -> 0 | J17: =[42]Summary!$E$13 -> 3 | K17: =[42]Summary!$E$14 -> 0 | L17: =[42]Summary!$E$15 -> 0 | M17: =[42]Summary!$E$16 -> 0 | N17: =[42]Summary!$F$12 -> 0 | O17: =[42]Summary!$F$13 -> 3 | P17: =[42]Summary!$F$14 -> 0 | Q17: =[42]Summary!$F$15 -> 0 | R17: =[42]Summary!$F$16 -> 0 | S17: =[42]Summary!$G$12 -> 0 | T17: =[42]Summary!$G$13 -> 3 | U17: =[42]Summary!$G$14 -> 0 | V17: =[42]Summary!$G$15 -> 0 | W17: =[42]Summary!$G$16 -> 0 | X17: =[42]Summary!$D$20 -> 2 | Y17: =[42]Summary!$D$21 -> 0 | Z17: =[42]Summary!$D$22 -> 41 | AA17: =[42]Summary!$D$23 -> 0 | AB17: =[42]Summary!$D$24 -> 0 | AC17: =[42]Summary!$D$25 -> 0 | AD17: =[42]Summary!$D$26 -> 0 | AE17: =[42]Summary!$D$27 -> 0 | AF17: =[42]Summary!$D$28 -> 0
B18: 14 | C18: =[43]Summary!$B$7 -> AMP | D18: =[43]Summary!$D$12 -> 4 | E18: =[43]Summary!$D$13 -> 88 | F18: =[43]Summary!$D$14 -> 7 | G18: =[43]Summary!$D$15 -> 0 | H18: =[43]Summary!$D$16 -> 0 | I18: =[43]Summary!$E$12 -> 3 | J18: =[43]Summary!$E$13 -> 58 | K18: =[43]Summary!$E$14 -> 7 | L18: =[43]Summary!$E$15 -> 0 | M18: =[43]Summary!$E$16 -> 0 | N18: =[43]Summary!$F$12 -> 0 | O18: =[43]Summary!$F$13 -> 6 | P18: =[43]Summary!$F$14 -> 0 | Q18: =[43]Summary!$F$15 -> 0 | R18: =[43]Summary!$F$16 -> 0 | S18: =[43]Summary!$G$12 -> 0 | T18: =[43]Summary!$G$13 -> 0 | U18: =[43]Summary!$G$14 -> 1 | V18: =[43]Summary!$G$15 -> 0 | W18: =[43]Summary!$G$16 -> 0 | X18: =[43]Summary!$D$20 -> 1 | Y18: =[43]Summary!$D$21 -> 0 | Z18: =[43]Summary!$D$22 -> 42 | AA18: =[43]Summary!$D$23 -> 35 | AB18: =[43]Summary!$D$24 -> 13 | AC18: =[43]Summary!$D$25 -> 8 | AD18: =[43]Summary!$D$26 -> 0 | AE18: =[43]Summary!$D$27 -> 0 | AF18: =[43]Summary!$D$28 -> 0
B19: 15 | C19: =[44]Summary!$B$7 -> MTSE | D19: =[44]Summary!$D$12 -> 4 | E19: =[44]Summary!$D$13 -> 35 | F19: =[44]Summary!$D$14 -> 1 | G19: =[44]Summary!$D$15 -> 14 | H19: =[44]Summary!$D$16 -> 0 | I19: =[44]Summary!$E$12 -> 3 | J19: =[44]Summary!$E$13 -> 28 | K19: =[44]Summary!$E$14 -> 1 | L19: =[44]Summary!$E$15 -> 14 | M19: =[44]Summary!$E$16 -> 0 | N19: =[44]Summary!$F$12 -> 1 | O19: =[44]Summary!$F$13 -> 0 | P19: =[44]Summary!$F$14 -> 0 | Q19: =[44]Summary!$F$15 -> 0 | R19: =[44]Summary!$F$16 -> 0 | S19: =[44]Summary!$G$12 -> 3 | T19: =[44]Summary!$G$13 -> 28 | U19: =[44]Summary!$G$14 -> 1 | V19: =[44]Summary!$G$15 -> 14 | W19: =[44]Summary!$G$16 -> 0 | X19: =[44]Summary!$D$20 -> 1 | Y19: =[44]Summary!$D$21 -> 0 | Z19: =[44]Summary!$D$22 -> 8 | AA19: =[44]Summary!$D$23 -> 42 | AB19: =[44]Summary!$D$24 -> 1 | AC19: =[44]Summary!$D$25 -> 2 | AD19: =[44]Summary!$D$26 -> 0 | AE19: =[44]Summary!$D$27 -> 1 | AF19: =[44]Summary!$D$28 -> 0
B20: 16 | C20: =[45]Summary!$B$7 -> Mail Box | D20: =[45]Summary!$D$12 -> 5 | E20: =[45]Summary!$D$13 -> 51 | F20: =[45]Summary!$D$14 -> 0 | G20: =[45]Summary!$D$15 -> 2 | H20: =[45]Summary!$D$16 -> 5 | I20: =[45]Summary!$E$12 -> 4 | J20: =[45]Summary!$E$13 -> 51 | K20: =[45]Summary!$E$14 -> 0 | L20: =[45]Summary!$E$15 -> 0 | M20: =[45]Summary!$E$16 -> 5 | N20: =[45]Summary!$F$12 -> 1 | O20: =[45]Summary!$F$13 -> 5 | P20: =[45]Summary!$F$14 -> 0 | Q20: =[45]Summary!$F$15 -> 0 | R20: =[45]Summary!$F$16 -> 0 | S20: =[45]Summary!$G$12 -> 4 | T20: =[45]Summary!$G$13 -> 51 | U20: =[45]Summary!$G$14 -> 0 | V20: =[45]Summary!$G$15 -> 0 | W20: =[45]Summary!$G$16 -> 0 | X20: =[45]Summary!$D$20 -> 1 | Y20: =[45]Summary!$D$21 -> 0 | Z20: =[45]Summary!$D$22 -> 2 | AA20: =[45]Summary!$D$23 -> 5 | AB20: =[45]Summary!$D$24 -> 0 | AC20: =[45]Summary!$D$25 -> 55 | AD20: =[45]Summary!$D$26 -> 0 | AE20: =[45]Summary!$D$27 -> 0 | AF20: =[45]Summary!$D$28 -> 0
B21: 17 | C21: =[46]Summary!$B$7 -> Timer | D21: =[46]Summary!$D$12 -> 4 | E21: =[46]Summary!$D$13 -> 8 | F21: =[46]Summary!$D$14 -> 5 | G21: =[46]Summary!$D$15 -> 0 | H21: =[46]Summary!$D$16 -> 0 | I21: =[46]Summary!$E$12 -> 3 | J21: =[46]Summary!$E$13 -> 8 | K21: =[46]Summary!$E$14 -> 5 | L21: =[46]Summary!$E$15 -> 0 | M21: =[46]Summary!$E$16 -> 0 | N21: =[46]Summary!$F$12 -> 0 | O21: =[46]Summary!$F$13 -> 2 | P21: =[46]Summary!$F$14 -> 0 | Q21: =[46]Summary!$F$15 -> 0 | R21: =[46]Summary!$F$16 -> 0 | S21: =[46]Summary!$G$12 -> 3 | T21: =[46]Summary!$G$13 -> 13 | U21: =[46]Summary!$G$14 -> 0 | V21: =[46]Summary!$G$15 -> 0 | W21: =[46]Summary!$G$16 -> 0 | X21: =[46]Summary!$D$20 -> 1 | Y21: =[46]Summary!$D$21 -> 0 | Z21: =[46]Summary!$D$22 -> 0 | AA21: =[46]Summary!$D$23 -> 1 | AB21: =[46]Summary!$D$24 -> 1 | AC21: =[46]Summary!$D$25 -> 1 | AD21: =[46]Summary!$D$26 -> 13 | AE21: =[46]Summary!$D$27 -> 0 | AF21: =[46]Summary!$D$28 -> 0
B22: 18 | C22: =[47]Summary!$B$7 -> UART | D22: =[47]Summary!$D$12 -> 10 | E22: =[47]Summary!$D$13 -> 17 | F22: =[47]Summary!$D$14 -> 0 | G22: =[47]Summary!$D$15 -> 0 | H22: =[47]Summary!$D$16 -> 0 | I22: =[47]Summary!$E$12 -> 9 | J22: =[47]Summary!$E$13 -> 15 | K22: =[47]Summary!$E$14 -> 0 | L22: =[47]Summary!$E$15 -> 0 | M22: =[47]Summary!$E$16 -> 0 | N22: =[47]Summary!$F$12 -> 1 | O22: =[47]Summary!$F$13 -> 0 | P22: =[47]Summary!$F$14 -> 0 | Q22: =[47]Summary!$F$15 -> 0 | R22: =[47]Summary!$F$16 -> 0 | S22: =[47]Summary!$G$12 -> 9 | T22: =[47]Summary!$G$13 -> 15 | U22: =[47]Summary!$G$14 -> 0 | V22: =[47]Summary!$G$15 -> 0 | W22: =[47]Summary!$G$16 -> 0 | X22: =[47]Summary!$D$20 -> 1 | Y22: =[47]Summary!$D$21 -> 0 | Z22: =[47]Summary!$D$22 -> 0 | AA22: =[47]Summary!$D$23 -> 21 | AB22: =[47]Summary!$D$24 -> 4 | AC22: =[47]Summary!$D$25 -> 1 | AD22: =[47]Summary!$D$26 -> 0 | AE22: =[47]Summary!$D$27 -> 0 | AF22: =[47]Summary!$D$28 -> 0
B23: 19 | C23: =[48]Summary!$B$7 -> GPIO | D23: =[48]Summary!$D$12 -> 6 | E23: =[48]Summary!$D$13 -> 8 | F23: =[48]Summary!$D$14 -> 0 | G23: =[48]Summary!$D$15 -> 0 | H23: =[48]Summary!$D$16 -> 0 | I23: =[48]Summary!$E$12 -> 5 | J23: =[48]Summary!$E$13 -> 8 | K23: =[48]Summary!$E$14 -> 0 | L23: =[48]Summary!$E$15 -> 0 | M23: =[48]Summary!$E$16 -> 0 | N23: =[48]Summary!$F$12 -> 1 | O23: =[48]Summary!$F$13 -> 0 | P23: =[48]Summary!$F$14 -> 0 | Q23: =[48]Summary!$F$15 -> 0 | R23: =[48]Summary!$F$16 -> 0 | S23: =[48]Summary!$G$12 -> 5 | T23: =[48]Summary!$G$13 -> 8 | U23: =[48]Summary!$G$14 -> 0 | V23: =[48]Summary!$G$15 -> 0 | W23: =[48]Summary!$G$16 -> 0 | X23: =[48]Summary!$D$20 -> 3 | Y23: =[48]Summary!$D$21 -> 0 | Z23: =[48]Summary!$D$22 -> 0 | AA23: =[48]Summary!$D$23 -> 11 | AB23: =[48]Summary!$D$24 -> 1 | AC23: =[48]Summary!$D$25 -> 1 | AD23: =[48]Summary!$D$26 -> 0 | AE23: =[48]Summary!$D$27 -> 0 | AF23: =[48]Summary!$D$28 -> 0
B24: 20 | C24: =[49]Summary!$B$7 -> System Register | D24: =[49]Summary!$D$12 -> 4 | E24: =[49]Summary!$D$13 -> 158 | F24: =[49]Summary!$D$14 -> 0 | G24: =[49]Summary!$D$15 -> 0 | H24: =[49]Summary!$D$16 -> 0 | I24: =[49]Summary!$E$12 -> 2 | J24: =[49]Summary!$E$13 -> 13 | K24: =[49]Summary!$E$14 -> 0 | L24: =[49]Summary!$E$15 -> 0 | M24: =[49]Summary!$E$16 -> 0 | N24: =[49]Summary!$F$12 -> 2 | O24: =[49]Summary!$F$13 -> 57 | P24: =[49]Summary!$F$14 -> 0 | Q24: =[49]Summary!$F$15 -> 0 | R24: =[49]Summary!$F$16 -> 0 | S24: =[49]Summary!$G$12 -> 1 | T24: =[49]Summary!$G$13 -> 39 | U24: =[49]Summary!$G$14 -> 0 | V24: =[49]Summary!$G$15 -> 0 | W24: =[49]Summary!$G$16 -> 0 | X24: =[49]Summary!$D$20 -> 1 | Y24: =[49]Summary!$D$21 -> 0 | Z24: =[49]Summary!$D$22 -> 0 | AA24: =[49]Summary!$D$23 -> 0 | AB24: =[49]Summary!$D$24 -> 0 | AC24: =[49]Summary!$D$25 -> 164 | AD24: =[49]Summary!$D$26 -> 0 | AE24: =[49]Summary!$D$27 -> 0 | AF24: =[49]Summary!$D$28 -> 0
B25: 21 | C25: =[50]Summary!$B$7 -> PMU | D25: =[50]Summary!$D$12 -> 1 | E25: =[50]Summary!$D$13 -> 35 | F25: =[50]Summary!$D$14 -> 32 | G25: =[50]Summary!$D$15 -> 0 | H25: =[50]Summary!$D$16 -> 4 | I25: =[50]Summary!$E$12 -> 0 | J25: =[50]Summary!$E$13 -> 4 | K25: =[50]Summary!$E$14 -> 19 | L25: =[50]Summary!$E$15 -> 4 | M25: =[50]Summary!$E$16 -> 1 | N25: =[50]Summary!$F$12 -> 0 | O25: =[50]Summary!$F$13 -> 20 | P25: =[50]Summary!$F$14 -> 0 | Q25: =[50]Summary!$F$15 -> 0 | R25: =[50]Summary!$F$16 -> 0 | S25: =[50]Summary!$G$12 -> 0 | T25: =[50]Summary!$G$13 -> 21 | U25: =[50]Summary!$G$14 -> 37 | V25: =[50]Summary!$G$15 -> 6 | W25: =[50]Summary!$G$16 -> 2 | X25: =[50]Summary!$D$20 -> 1 | Y25: =[50]Summary!$D$21 -> 0 | Z25: =[50]Summary!$D$22 -> 2 | AA25: =[50]Summary!$D$23 -> 2 | AB25: =[50]Summary!$D$24 -> 1 | AC25: =[50]Summary!$D$25 -> 37 | AD25: =[50]Summary!$D$26 -> 39 | AE25: =[50]Summary!$D$27 -> 9 | AF25: =[50]Summary!$D$28 -> 0
B26: 22 | C26: =[51]Summary!$B$7 -> Clock Controller | D26: =[51]Summary!$D$12 -> 0 | E26: =[51]Summary!$D$13 -> 25 | F26: =[51]Summary!$D$14 -> 0 | G26: =[51]Summary!$D$15 -> 0 | H26: =[51]Summary!$D$16 -> 0 | I26: =[51]Summary!$E$12 -> 0 | J26: =[51]Summary!$E$13 -> 0 | K26: =[51]Summary!$E$14 -> 0 | L26: =[51]Summary!$E$15 -> 0 | M26: =[51]Summary!$E$16 -> 0 | N26: =[51]Summary!$F$12 -> 0 | O26: =[51]Summary!$F$13 -> 25 | P26: =[51]Summary!$F$14 -> 0 | Q26: =[51]Summary!$F$15 -> 0 | R26: =[51]Summary!$F$16 -> 0 | S26: =[51]Summary!$G$12 -> 0 | T26: =[51]Summary!$G$13 -> 18 | U26: =[51]Summary!$G$14 -> 0 | V26: =[51]Summary!$G$15 -> 0 | W26: =[51]Summary!$G$16 -> 0 | X26: =[51]Summary!$D$20 -> 0 | Y26: =[51]Summary!$D$21 -> 0 | Z26: =[51]Summary!$D$22 -> 0 | AA26: =[51]Summary!$D$23 -> 0 | AB26: =[51]Summary!$D$24 -> 0 | AC26: =[51]Summary!$D$25 -> 25 | AD26: =[51]Summary!$D$26 -> 0 | AE26: =[51]Summary!$D$27 -> 0 | AF26: =[51]Summary!$D$28 -> 0
B27: 23 | C27: =[52]Summary!$B$7 -> Reset Controller | D27: =[52]Summary!$D$12 -> 2 | E27: =[52]Summary!$D$13 -> 10 | F27: =[52]Summary!$D$14 -> 0 | G27: =[52]Summary!$D$15 -> 0 | H27: =[52]Summary!$D$16 -> 0 | I27: =[52]Summary!$E$12 -> 1 | J27: =[52]Summary!$E$13 -> 9 | K27: =[52]Summary!$E$14 -> 0 | L27: =[52]Summary!$E$15 -> 0 | M27: =[52]Summary!$E$16 -> 0 | N27: =[52]Summary!$F$12 -> 0 | O27: =[52]Summary!$F$13 -> 11 | P27: =[52]Summary!$F$14 -> 0 | Q27: =[52]Summary!$F$15 -> 0 | R27: =[52]Summary!$F$16 -> 0 | S27: =[52]Summary!$G$12 -> 0 | T27: =[52]Summary!$G$13 -> 10 | U27: =[52]Summary!$G$14 -> 0 | V27: =[52]Summary!$G$15 -> 0 | W27: =[52]Summary!$G$16 -> 0 | X27: =[52]Summary!$D$20 -> 1 | Y27: =[52]Summary!$D$21 -> 0 | Z27: =[52]Summary!$D$22 -> 0 | AA27: =[52]Summary!$D$23 -> 4 | AB27: =[52]Summary!$D$24 -> 0 | AC27: =[52]Summary!$D$25 -> 12 | AD27: =[52]Summary!$D$26 -> 1 | AE27: =[52]Summary!$D$27 -> 0 | AF27: =[52]Summary!$D$28 -> 0
B28: 24 | C28: =[53]Summary!$B$7 -> M-PHY | D28: =[53]Summary!$D$12 -> 6 | E28: =[53]Summary!$D$13 -> 32 | F28: =[53]Summary!$D$14 -> 0 | G28: =[53]Summary!$D$15 -> 0 | H28: =[53]Summary!$D$16 -> 0 | I28: =[53]Summary!$E$12 -> 0 | J28: =[53]Summary!$E$13 -> 4 | K28: =[53]Summary!$E$14 -> 0 | L28: =[53]Summary!$E$15 -> 0 | M28: =[53]Summary!$E$16 -> 0 | N28: =[53]Summary!$F$12 -> 6 | O28: =[53]Summary!$F$13 -> 13 | P28: =[53]Summary!$F$14 -> 0 | Q28: =[53]Summary!$F$15 -> 0 | R28: =[53]Summary!$F$16 -> 0 | S28: =[53]Summary!$G$12 -> 6 | T28: =[53]Summary!$G$13 -> 26 | U28: =[53]Summary!$G$14 -> 0 | V28: =[53]Summary!$G$15 -> 0 | W28: =[53]Summary!$G$16 -> 0 | X28: =[53]Summary!$D$20 -> 0 | Y28: =[53]Summary!$D$21 -> 0 | Z28: =[53]Summary!$D$22 -> 0 | AA28: =[53]Summary!$D$23 -> 0 | AB28: =[53]Summary!$D$24 -> 0 | AC28: =[53]Summary!$D$25 -> 38 | AD28: =[53]Summary!$D$26 -> 0 | AE28: =[53]Summary!$D$27 -> 2 | AF28: =[53]Summary!$D$28 -> 18
B29: 25 | C29: =[54]Summary!$B$7 -> Nand PHY | D29: =[54]Summary!$D$12 -> 0 | E29: =[54]Summary!$D$13 -> 33 | F29: =[54]Summary!$D$14 -> 0 | G29: =[54]Summary!$D$15 -> 0 | H29: =[54]Summary!$D$16 -> 0 | I29: =[54]Summary!$E$12 -> 0 | J29: =[54]Summary!$E$13 -> 24 | K29: =[54]Summary!$E$14 -> 0 | L29: =[54]Summary!$E$15 -> 0 | M29: =[54]Summary!$E$16 -> 0 | N29: =[54]Summary!$F$12 -> 0 | O29: =[54]Summary!$F$13 -> 28 | P29: =[54]Summary!$F$14 -> 0 | Q29: =[54]Summary!$F$15 -> 0 | R29: =[54]Summary!$F$16 -> 0 | S29: =[54]Summary!$G$12 -> 0 | T29: =[54]Summary!$G$13 -> 24 | U29: =[54]Summary!$G$14 -> 0 | V29: =[54]Summary!$G$15 -> 0 | W29: =[54]Summary!$G$16 -> 0 | X29: =[54]Summary!$D$20 -> 0 | Y29: =[54]Summary!$D$21 -> 0 | Z29: =[54]Summary!$D$22 -> 0 | AA29: =[54]Summary!$D$23 -> 33 | AB29: =[54]Summary!$D$24 -> 0 | AC29: =[54]Summary!$D$25 -> 0 | AD29: =[54]Summary!$D$26 -> 0 | AE29: =[54]Summary!$D$27 -> 0 | AF29: =[54]Summary!$D$28 -> 0
B30: 26 | C30: =[55]Summary!$B$7 -> NAND IO | D30: =[55]Summary!$D$12 -> 0 | E30: =[55]Summary!$D$13 -> 7 | F30: =[55]Summary!$D$14 -> 0 | G30: =[55]Summary!$D$15 -> 0 | H30: =[55]Summary!$D$16 -> 0 | I30: =[55]Summary!$E$12 -> 0 | J30: =[55]Summary!$E$13 -> 0 | K30: =[55]Summary!$E$14 -> 0 | L30: =[55]Summary!$E$15 -> 0 | M30: =[55]Summary!$E$16 -> 0 | N30: =[55]Summary!$F$12 -> 0 | O30: =[55]Summary!$F$13 -> 7 | P30: =[55]Summary!$F$14 -> 0 | Q30: =[55]Summary!$F$15 -> 0 | R30: =[55]Summary!$F$16 -> 0 | S30: =[55]Summary!$G$12 -> 0 | T30: =[55]Summary!$G$13 -> 5 | U30: =[55]Summary!$G$14 -> 0 | V30: =[55]Summary!$G$15 -> 0 | W30: =[55]Summary!$G$16 -> 0 | X30: =[55]Summary!$D$20 -> 0 | Y30: =[55]Summary!$D$21 -> 0 | Z30: =[55]Summary!$D$22 -> 0 | AA30: =[55]Summary!$D$23 -> 0 | AB30: =[55]Summary!$D$24 -> 1 | AC30: =[55]Summary!$D$25 -> 0 | AD30: =[55]Summary!$D$26 -> 6 | AE30: =[55]Summary!$D$27 -> 0 | AF30: =[55]Summary!$D$28 -> 0
B31: 27 | C31: =[56]Summary!$B$7 -> Test IO Mux | D31: =[56]Summary!$D$12 -> 1 | E31: =[56]Summary!$D$13 -> 14 | F31: =[56]Summary!$D$14 -> 0 | G31: =[56]Summary!$D$15 -> 0 | H31: =[56]Summary!$D$16 -> 0 | I31: =[56]Summary!$E$12 -> 0 | J31: =[56]Summary!$E$13 -> 0 | K31: =[56]Summary!$E$14 -> 0 | L31: =[56]Summary!$E$15 -> 0 | M31: =[56]Summary!$E$16 -> 0 | N31: =[56]Summary!$F$12 -> 0 | O31: =[56]Summary!$F$13 -> 14 | P31: =[56]Summary!$F$14 -> 0 | Q31: =[56]Summary!$F$15 -> 0 | R31: =[56]Summary!$F$16 -> 0 | S31: =[56]Summary!$G$12 -> 0 | T31: =[56]Summary!$G$13 -> 6 | U31: =[56]Summary!$G$14 -> 0 | V31: =[56]Summary!$G$15 -> 0 | W31: =[56]Summary!$G$16 -> 0 | X31: =[56]Summary!$D$20 -> 1 | Y31: =[56]Summary!$D$21 -> 0 | Z31: =[56]Summary!$D$22 -> 14 | AA31: =[56]Summary!$D$23 -> 0 | AB31: =[56]Summary!$D$24 -> 0 | AC31: =[56]Summary!$D$25 -> 0 | AD31: =[56]Summary!$D$26 -> 0 | AE31: =[56]Summary!$D$27 -> 0 | AF31: =[56]Summary!$D$28 -> 0
B32: 28 | C32: =[57]Summary!$B$7 -> eFuse Controller | D32: =[57]Summary!$D$12 -> 6 | E32: =[57]Summary!$D$13 -> 1 | F32: =[57]Summary!$D$14 -> 2 | G32: =[57]Summary!$D$15 -> 0 | H32: =[57]Summary!$D$16 -> 0 | I32: =[57]Summary!$E$12 -> 3 | J32: =[57]Summary!$E$13 -> 0 | K32: =[57]Summary!$E$14 -> 1 | L32: =[57]Summary!$E$15 -> 0 | M32: =[57]Summary!$E$16 -> 0 | N32: =[57]Summary!$F$12 -> 3 | O32: =[57]Summary!$F$13 -> 0 | P32: =[57]Summary!$F$14 -> 0 | Q32: =[57]Summary!$F$15 -> 0 | R32: =[57]Summary!$F$16 -> 0 | S32: =[57]Summary!$G$12 -> 0 | T32: =[57]Summary!$G$13 -> 0 | U32: =[57]Summary!$G$14 -> 3 | V32: =[57]Summary!$G$15 -> 0 | W32: =[57]Summary!$G$16 -> 0 | X32: =[57]Summary!$D$20 -> 3 | Y32: =[57]Summary!$D$21 -> 0 | Z32: =[57]Summary!$D$22 -> 0 | AA32: =[57]Summary!$D$23 -> 1 | AB32: =[57]Summary!$D$24 -> 1 | AC32: =[57]Summary!$D$25 -> 2 | AD32: =[57]Summary!$D$26 -> 4 | AE32: =[57]Summary!$D$27 -> 0 | AF32: =[57]Summary!$D$28 -> 0
B33: 29 | C33: =[58]Summary!$B$7 -> HW Bypass | D33: =[58]Summary!$D$12 -> 0 | E33: =[58]Summary!$D$13 -> 48 | F33: =[58]Summary!$D$14 -> 0 | G33: =[58]Summary!$D$15 -> 0 | H33: =[58]Summary!$D$16 -> 0 | I33: =[58]Summary!$E$12 -> 0 | J33: =[58]Summary!$E$13 -> 0 | K33: =[58]Summary!$E$14 -> 0 | L33: =[58]Summary!$E$15 -> 0 | M33: =[58]Summary!$E$16 -> 0 | N33: =[58]Summary!$F$12 -> 0 | O33: =[58]Summary!$F$13 -> 16 | P33: =[58]Summary!$F$14 -> 0 | Q33: =[58]Summary!$F$15 -> 0 | R33: =[58]Summary!$F$16 -> 0 | S33: =[58]Summary!$G$12 -> 0 | T33: =[58]Summary!$G$13 -> 0 | U33: =[58]Summary!$G$14 -> 0 | V33: =[58]Summary!$G$15 -> 0 | W33: =[58]Summary!$G$16 -> 0 | X33: =[58]Summary!$D$20 -> 1 | Y33: =[58]Summary!$D$21 -> 0 | Z33: =[58]Summary!$D$22 -> 0 | AA33: =[58]Summary!$D$23 -> 0 | AB33: =[58]Summary!$D$24 -> 0 | AC33: =[58]Summary!$D$25 -> 32 | AD33: =[58]Summary!$D$26 -> 16 | AE33: =[58]Summary!$D$27 -> 0 | AF33: =[58]Summary!$D$28 -> 0
B34: 30 | C34: =[59]Summary!$B$7 -> Analog IP | D34: =[59]Summary!$D$12 -> 0 | E34: =[59]Summary!$D$13 -> 22 | F34: =[59]Summary!$D$14 -> 22 | G34: =[59]Summary!$D$15 -> 0 | H34: =[59]Summary!$D$16 -> 0 | I34: =[59]Summary!$E$12 -> 0 | J34: =[59]Summary!$E$13 -> 0 | K34: =[59]Summary!$E$14 -> 0 | L34: =[59]Summary!$E$15 -> 0 | M34: =[59]Summary!$E$16 -> 0 | N34: =[59]Summary!$F$12 -> 0 | O34: =[59]Summary!$F$13 -> 0 | P34: =[59]Summary!$F$14 -> 6 | Q34: =[59]Summary!$F$15 -> 0 | R34: =[59]Summary!$F$16 -> 0 | S34: =[59]Summary!$G$12 -> 0 | T34: =[59]Summary!$G$13 -> 0 | U34: =[59]Summary!$G$14 -> 0 | V34: =[59]Summary!$G$15 -> 0 | W34: =[59]Summary!$G$16 -> 0 | X34: =[59]Summary!$D$20 -> 0 | Y34: =[59]Summary!$D$21 -> 0 | Z34: =[59]Summary!$D$22 -> 0 | AA34: =[59]Summary!$D$23 -> 22 | AB34: =[59]Summary!$D$24 -> 0 | AC34: =[59]Summary!$D$25 -> 0 | AD34: =[59]Summary!$D$26 -> 22 | AE34: =[59]Summary!$D$27 -> 0 | AF34: =[59]Summary!$D$28 -> 0
B35: 31 | C35: =[60]Summary!$B$7 -> Token Generator | D35: =[60]Summary!$D$12 -> 3 | E35: =[60]Summary!$D$13 -> 5 | F35: =[60]Summary!$D$14 -> 0 | G35: =[60]Summary!$D$15 -> 0 | H35: =[60]Summary!$D$16 -> 0 | I35: =[60]Summary!$E$12 -> 0 | J35: =[60]Summary!$E$13 -> 0 | K35: =[60]Summary!$E$14 -> 0 | L35: =[60]Summary!$E$15 -> 0 | M35: =[60]Summary!$E$16 -> 0 | N35: =[60]Summary!$F$12 -> 0 | O35: =[60]Summary!$F$13 -> 0 | P35: =[60]Summary!$F$14 -> 0 | Q35: =[60]Summary!$F$15 -> 0 | R35: =[60]Summary!$F$16 -> 0 | S35: =[60]Summary!$G$12 -> 0 | T35: =[60]Summary!$G$13 -> 1 | U35: =[60]Summary!$G$14 -> 0 | V35: =[60]Summary!$G$15 -> 0 | W35: =[60]Summary!$G$16 -> 0 | X35: =[60]Summary!$D$20 -> 1 | Y35: =[60]Summary!$D$21 -> 0 | Z35: =[60]Summary!$D$22 -> 0 | AA35: =[60]Summary!$D$23 -> 0 | AB35: =[60]Summary!$D$24 -> 0 | AC35: =[60]Summary!$D$25 -> 7 | AD35: =[60]Summary!$D$26 -> 0 | AE35: =[60]Summary!$D$27 -> 0 | AF35: =[60]Summary!$D$28 -> 0
B36: 31 | C36: =[61]Summary!$B$7 -> Host Interaction (Sonic) | D36: =[61]Summary!$D$12 -> 0 | E36: =[61]Summary!$D$13 -> 0 | F36: =[61]Summary!$D$14 -> 0 | G36: =[61]Summary!$D$15 -> 0 | H36: =[61]Summary!$D$16 -> 0 | I36: =[61]Summary!$E$12 -> 21 | J36: =[61]Summary!$E$13 -> 315 | K36: =[61]Summary!$E$14 -> 25 | L36: =[61]Summary!$E$15 -> 4 | M36: =[61]Summary!$E$16 -> 17 | N36: =[61]Summary!$F$12 -> 0 | O36: =[61]Summary!$F$13 -> 0 | P36: =[61]Summary!$F$14 -> 0 | Q36: =[61]Summary!$F$15 -> 0 | R36: =[61]Summary!$F$16 -> 0 | S36: =[61]Summary!$G$12 -> 20 | T36: =[61]Summary!$G$13 -> 312 | U36: =[61]Summary!$G$14 -> 35 | V36: =[61]Summary!$G$15 -> 5 | W36: =[61]Summary!$G$16 -> 18 | X36: =[61]Summary!$D$20 -> 10 | Y36: =[61]Summary!$D$21 -> 0 | Z36: =[61]Summary!$D$22 -> 0 | AA36: =[61]Summary!$D$23 -> 0 | AB36: =[61]Summary!$D$24 -> 0 | AC36: =[61]Summary!$D$25 -> 0 | AD36: =[61]Summary!$D$26 -> 0 | AE36: =[61]Summary!$D$27 -> 96 | AF36: =[61]Summary!$D$28 -> 2
B37: Total | D37: =SUM(D5:D36) -> 496 | E37: =SUM(E5:E36) -> 934 | F37: =SUM(F5:F36) -> 212 | G37: =SUM(G5:G36) -> 33 | H37: =SUM(H5:H36) -> 9 | I37: =SUM(I5:I36) -> 97 | J37: =SUM(J5:J36) -> 664 | K37: =SUM(K5:K36) -> 206 | ... AF37: =SUM(AF5:AF36) -> 29

Sheet ValidationStatusSummary

Sheet ValidationStatusHistory

Sheet Doc.revision
B3: document revision history
B5: rev | C5: date | D5: description | E5: author
B6: 0.1 | C6: 41758 | D6: 양식 초안 작성 | E6: 조성엽

Sheet 임시_Summary(v1)
B2: Armstrong Verification Check List Summary
B3: last updated: | D3: 41733
B5: No. | C5: IP | D5: RTL Designer | E5: Verification Engineer | F5: Simulation Verification | P5: FPGA Verification | T5: Last Updated | V5: Remark / Coverage Waive
F6: RTL | L6: POST | T6: RTL | U6: FPGA
F7: Cases | G7: Pass | H7: Prog | I7: Coverage SoC(F2,F3) | J7: Coverage S.A(F0,F1) | K7: Done | L7: Cases | M7: Pass | N7: Prog | O7: Done | P7: Cases | Q7: Pass | R7: Prog | S7: Done | T7: REV01 | U7: dd79
B8: 1 | C8: =[62]Result!$C$7 -> ARC-EM4 | D8: =[62]Result!$D$7 -> 박재한 책임 | E8: =[62]Result!$E$7 -> 조성엽 책임 | F8: =[62]Result!$F$7 -> 19 | G8: =[62]Result!$G$7 -> 19 | H8: =[62]Result!$H$7 -> 1 | I8: =[62]Result!$I$7 -> 0.37 | J8: =[62]Result!$J$7 -> N/A | K8: =[62]Result!$K$7 -> - | L8: =[62]Result!$L$7 -> 0 | M8: =[62]Result!$M$7 -> 0 | N8: =[62]Result!$N$7 -> - | O8: =[62]Result!$O$7 -> - | P8: =[62]Result!$P$7 -> 25 | Q8: =[62]Result!$Q$7 -> 23 | R8: =[62]Result!$R$7 -> 0.92 | S8: =[62]Result!$S$7 -> - | T8: =[62]Result!$S$2 -> REV01 | V8: =[62]Result!$T$7 -> RTL: POST: FPGA:
B9: 2 | C9: =[63]Result!$C$7 -> NFC | D9: =[63]Result!$D$7 -> 김재우 책임 | E9: =[63]Result!$E$7 -> 윤동준 선임 | F9: =[63]Result!$F$7 -> 242 | G9: =[63]Result!$G$7 -> 242 | H9: =[63]Result!$H$7 -> 1 | I9: =[63]Result!$I$7 -> N/A | J9: =[63]Result!$J$7 -> 0.98 | K9: =[63]Result!$K$7 -> - | L9: =[63]Result!$L$7 -> 0 | M9: =[63]Result!$M$7 -> 0 | N9: =[63]Result!$N$7 -> - | O9: =[63]Result!$O$7 -> - | P9: =[63]Result!$P$7 -> 130 | Q9: =[63]Result!$Q$7 -> 126 | R9: =[63]Result!$R$7 -> 0.96923077 | S9: =[63]Result!$S$7 -> - | T9: =[63]Result!$S$2 -> REV01 | U9: =[63]Result!$S$3 -> XXXX | V9: =[63]Result!$T$7 -> RTL: Line coverage report(use tool : VCS) - F2/F3 coverage의 경우 F0/F1 coverage에서 이미 모든 경우가 반영 되어 있으므로 추출 의미가 없음 POST: FPGA:
B10: 3 | C10: =[64]Result!$C$7 -> ECC | D10: =[64]Result!$D$7 -> 김주희 선임 | E10: =[64]Result!$E$7 -> 조성근 선임 | F10: =[64]Result!$F$7 -> 51 | G10: =[64]Result!$G$7 -> 51 | H10: =[64]Result!$H$7 -> 1 | I10: =[64]Result!$I$7 -> N/A | J10: =[64]Result!$J$7 -> 0.9 | K10: =[64]Result!$K$7 -> - | L10: =[64]Result!$L$7 -> 0 | M10: =[64]Result!$M$7 -> 0 | N10: =[64]Result!$N$7 -> - | O10: =[64]Result!$O$7 -> - | P10: =[64]Result!$P$7 -> N/A | Q10: =[64]Result!$Q$7 -> N/A | R10: =[64]Result!$R$7 -> N/A | S10: =[64]Result!$S$7 -> - | T10: =[64]Result!$S$2 -> REV01 | U10: =[64]Result!$S$3 -> XXXX | V10: =[64]Result!$T$7 -> RTL: VCS line coverage 결과 POST: NFC에 포함 FPGA: NFC에 포함
B11: 4 | C11: =[65]Result!$C$7 -> CDE | D11: =[65]Result!$D$7 -> 이학대 책임 | E11: =[65]Result!$E$7 -> 윤동준 선임 | F11: =[65]Result!$F$7 -> 26 | G11: =[65]Result!$G$7 -> 26 | H11: =[65]Result!$H$7 -> 1 | I11: =[65]Result!$I$7 -> 0.99 | J11: =[65]Result!$J$7 -> 0.99 | K11: =[65]Result!$K$7 -> - | L11: =[65]Result!$L$7 -> 0 | M11: =[65]Result!$M$7 -> 0 | N11: =[65]Result!$N$7 -> - | O11: =[65]Result!$O$7 -> - | P11: =[65]Result!$P$7 -> 25 | Q11: =[65]Result!$Q$7 -> 25 | R11: =[65]Result!$R$7 -> 1 | S11: =[65]Result!$S$7 -> - | T11: =[65]Result!$S$2 -> REV01 | U11: =[65]Result!$S$3 -> d040 | V11: =[65]Result!$T$7 -> RTL: POST: FPGA:
B12: 5 | C12: =[66]Result!$C$7 -> Boost Engine | D12: =[66]Result!$D$7 -> 조성근 선임 | E12: =[66]Result!$E$7 -> 조성근 선임 | F12: =[66]Result!$F$7 -> 8 | G12: =[66]Result!$G$7 -> 8 | H12: =[66]Result!$H$7 -> 1 | I12: =[66]Result!$I$7 -> 0.83 | J12: =[66]Result!$J$7 -> 0.97 | K12: =[66]Result!$K$7 -> - | L12: =[66]Result!$L$7 -> 0 | M12: =[66]Result!$M$7 -> 0 | N12: =[66]Result!$N$7 -> - | O12: =[66]Result!$O$7 -> - | P12: =[66]Result!$P$7 -> 4 | Q12: =[66]Result!$Q$7 -> 4 | R12: =[66]Result!$R$7 -> 1 | S12: =[66]Result!$S$7 -> - | T12: =[66]Result!$S$2 -> REV01 | U12: =[66]Result!$S$3 -> XXXX | V12: =[66]Result!$T$7 -> RTL: POST: FPGA:
B13: 6 | C13: =[67]Result!$C$7 -> UFS | D13: =[67]Result!$D$7 -> 박재우 선임 | E13: =[67]Result!$E$7 -> 조성엽 책임 | F13: =[67]Result!$F$7 -> 212 | G13: =[67]Result!$G$7 -> 207 | H13: =[67]Result!$H$7 -> 0.97641509 | I13: =[67]Result!$I$7 -> 0.73 | J13: =[67]Result!$J$7 -> 0.73 | K13: =[67]Result!$K$7 -> - | L13: =[67]Result!$L$7 -> 0 | M13: =[67]Result!$M$7 -> 0 | N13: =[67]Result!$N$7 -> - | O13: =[67]Result!$O$7 -> - | P13: =[67]Result!$P$7 -> 43 | Q13: =[67]Result!$Q$7 -> 26 | R13: =[67]Result!$R$7 -> 0.60465116 | S13: =[67]Result!$S$7 -> - | T13: =[67]Result!$S$2 -> REV01 | U13: =[67]Result!$S$3 -> XXXX | V13: =[67]Result!$T$7 -> RTL: 현재 Design 수정 중이기에 code merge 불가 따라서 현재 coverage는 단일 random constaint simulation code coverage 결과 1/24 design 완료 후 1/28내에 all test pass 된 coverage 공유 예정 POST: FPGA:
B14: 7 | C14: =[68]Result!$C$7 -> AES-UFS | D14: =[68]Result!$D$7 -> 박재한 책임 | E14: =[68]Result!$E$7 -> 조성엽 책임 | F14: =[68]Result!$F$7 -> 34 | G14: =[68]Result!$G$7 -> 34 | H14: =[68]Result!$H$7 -> 1 | I14: =[68]Result!$I$7 -> 0.95 | J14: =[68]Result!$J$7 -> 0.95 | K14: =[68]Result!$K$7 -> - | L14: =[68]Result!$L$7 -> 0 | M14: =[68]Result!$M$7 -> 0 | N14: =[68]Result!$N$7 -> - | O14: =[68]Result!$O$7 -> - | P14: =[68]Result!$P$7 -> 82 | Q14: =[68]Result!$Q$7 -> 81 | R14: =[68]Result!$R$7 -> 0.98780488 | S14: =[68]Result!$S$7 -> - | T14: =[68]Result!$S$2 -> REV01 | U14: =[68]Result!$S$3 -> XXXX | V14: =[68]Result!$T$7 -> RTL: POST: FPGA:
B15: 8 | C15: =[69]Result!$C$7 -> AES-LB | D15: =[69]Result!$D$7 -> 이현주 선임 | E15: =[69]Result!$E$7 -> 이현주 선임 | F15: =[69]Result!$F$7 -> 37 | G15: =[69]Result!$G$7 -> 37 | H15: =[69]Result!$H$7 -> 1 | I15: =[69]Result!$I$7 -> 0.96 | J15: =[69]Result!$J$7 -> 0.96 | K15: =[69]Result!$K$7 -> - | L15: =[69]Result!$L$7 -> 0 | M15: =[69]Result!$M$7 -> 0 | N15: =[69]Result!$N$7 -> - | O15: =[69]Result!$O$7 -> - | P15: =[69]Result!$P$7 -> 30 | Q15: =[69]Result!$Q$7 -> 30 | R15: =[69]Result!$R$7 -> 1 | S15: =[69]Result!$S$7 -> - | T15: =[69]Result!$S$2 -> REV01 | U15: =[69]Result!$S$3 -> d040 | V15: =[69]Result!$T$7 -> RTL: POST: FPGA: F3에서 ISR을 수행하여 F1과 merge한 결과임
B16: 9 | C16: =[70]Result!$C$7 -> MACC | D16: =[70]Result!$D$7 -> 안병욱 선임 | E16: =[70]Result!$E$7 -> 이현주 선임 | F16: =[70]Result!$F$7 -> 33 | G16: =[70]Result!$G$7 -> 33 | H16: =[70]Result!$H$7 -> 1 | I16: =[70]Result!$I$7 -> 0.9291 | J16: =[70]Result!$J$7 -> 0.92 | K16: =[70]Result!$K$7 -> - | L16: =[70]Result!$L$7 -> 0 | M16: =[70]Result!$M$7 -> 0 | N16: =[70]Result!$N$7 -> - | O16: =[70]Result!$O$7 -> - | P16: =[70]Result!$P$7 -> 25 | Q16: =[70]Result!$Q$7 -> 25 | R16: =[70]Result!$R$7 -> 1 | S16: =[70]Result!$S$7 -> - | T16: =[70]Result!$S$2 -> REV01 | U16: =[70]Result!$S$3 -> D052 | V16: =[70]Result!$T$7 -> RTL: POST: FPGA:
B17: 10 | C17: =[71]Result!$C$7 -> Backbone | D17: =[71]Result!$D$7 -> 이학대 책임 | E17: =[71]Result!$E$7 -> 이학대 책임 | F17: =[71]Result!$F$7 -> 5 | G17: =[71]Result!$G$7 -> 5 | H17: =[71]Result!$H$7 -> 1 | I17: =[71]Result!$I$7 -> 0.9253 | J17: =[71]Result!$J$7 -> 0.9253 | K17: =[71]Result!$K$7 -> - | L17: =[71]Result!$L$7 -> 0 | M17: =[71]Result!$M$7 -> 0 | N17: =[71]Result!$N$7 -> - | O17: =[71]Result!$O$7 -> - | P17: =[71]Result!$P$7 -> N/A | Q17: =[71]Result!$Q$7 -> N/A | R17: =[71]Result!$R$7 -> N/A | S17: =[71]Result!$S$7 -> - | T17: =[71]Result!$S$2 -> REV01 | U17: =[71]Result!$S$3 -> d040 | V17: =[71]Result!$T$7 -> RTL: POST: FPGA: Master/Slave IP들의 동작검증으로 대체함
B18: 11 | C18: =[72]Result!$C$7 -> Buffer Manager | D18: =[72]Result!$D$7 -> 송광종 책임 | E18: =[72]Result!$E$7 -> 조성엽 책임 | F18: =[72]Result!$F$7 -> 48 | G18: =[72]Result!$G$7 -> 48 | H18: =[72]Result!$H$7 -> 1 | I18: =[72]Result!$I$7 -> 0.9635 | J18: =[72]Result!$J$7 -> 0.9635 | K18: =[72]Result!$K$7 -> - | L18: =[72]Result!$L$7 -> 0 | M18: =[72]Result!$M$7 -> 0 | N18: =[72]Result!$N$7 -> - | O18: =[72]Result!$O$7 -> - | P18: =[72]Result!$P$7 -> 22 | Q18: =[72]Result!$Q$7 -> 22 | R18: =[72]Result!$R$7 -> 1 | S18: =[72]Result!$S$7 -> - | T18: =[72]Result!$S$2 -> REV01 | U18: =[72]Result!$S$3 -> d076 | V18: =[72]Result!$T$7 -> RTL: POST: FPGA:
B19: 12 | C19: =[73]Result!$C$7 -> System Memory | D19: =[73]Result!$D$7 -> 박승진 책임 | E19: =[73]Result!$E$7 -> 박승진 책임 | F19: =[73]Result!$F$7 -> 41 | G19: =[73]Result!$G$7 -> 41 | H19: =[73]Result!$H$7 -> 1 | I19: =[73]Result!$I$7 -> 0.97 | J19: =[73]Result!$J$7 -> 0.97 | K19: =[73]Result!$K$7 -> - | L19: =[73]Result!$L$7 -> 0 | M19: =[73]Result!$M$7 -> 0 | N19: =[73]Result!$N$7 -> - | O19: =[73]Result!$O$7 -> - | P19: =[73]Result!$P$7 -> 3 | Q19: =[73]Result!$Q$7 -> 3 | R19: =[73]Result!$R$7 -> 1 | S19: =[73]Result!$S$7 -> - | T19: =[73]Result!$S$2 -> REV01 | U19: =[73]Result!$S$3 -> XXXX | V19: =[73]Result!$T$7 -> RTL: POST: FPGA: Unipro/NFC/AMP/BM test에서 사용 되므로, CPU가 full range를 byte/half-word/word 단위로 SCAN 하는 테스트만 진행 하기로 결정 됨
B20: 13 | C20: =[74]Result!$C$7 -> Data Buffer | D20: =[74]Result!$D$7 -> 박승진 책임 | E20: =[74]Result!$E$7 -> 박승진 책임 | F20: =[74]Result!$F$7 -> 42 | G20: =[74]Result!$G$7 -> 42 | H20: =[74]Result!$H$7 -> 1 | I20: =[74]Result!$I$7 -> 0.97 | J20: =[74]Result!$J$7 -> 0.97 | K20: =[74]Result!$K$7 -> - | L20: =[74]Result!$L$7 -> 0 | M20: =[74]Result!$M$7 -> 0 | N20: =[74]Result!$N$7 -> - | O20: =[74]Result!$O$7 -> - | P20: =[74]Result!$P$7 -> 3 | Q20: =[74]Result!$Q$7 -> 3 | R20: =[74]Result!$R$7 -> 1 | S20: =[74]Result!$S$7 -> - | T20: =[74]Result!$S$2 -> REV01 | U20: =[74]Result!$S$3 -> XXXX | V20: =[74]Result!$T$7 -> RTL: POST: FPGA: Unipro/NFC/AMP test에서 사용되기 때문에, CPU가 full range를 byte/half-word/word 단위로 scan 하는 테스트만 진행 하기로 결정 됨
B21: 14 | C21: =[75]Result!$C$7 -> AMP | D21: =[75]Result!$D$7 -> 박승진 책임 | E21: =[75]Result!$E$7 -> 정재형 책임 | F21: =[75]Result!$F$7 -> 68 | G21: =[75]Result!$G$7 -> 68 | H21: =[75]Result!$H$7 -> 1 | I21: =[75]Result!$I$7 -> 0.98 | J21: =[75]Result!$J$7 -> 0.98 | K21: =[75]Result!$K$7 -> - | L21: =[75]Result!$L$7 -> 0 | M21: =[75]Result!$M$7 -> 0 | N21: =[75]Result!$N$7 -> - | O21: =[75]Result!$O$7 -> - | P21: =[75]Result!$P$7 -> 68 | Q21: =[75]Result!$Q$7 -> 68 | R21: =[75]Result!$R$7 -> 1 | S21: =[75]Result!$S$7 -> - | T21: =[75]Result!$S$2 -> REV01 | U21: =[75]Result!$S$3 -> XXXX | V21: =[75]Result!$T$7 -> RTL: POST: FPGA:
B22: 15 | C22: =[76]Result!$C$7 -> MTSE | D22: =[76]Result!$D$7 -> 송광종 책임 | E22: =[76]Result!$E$7 -> 이현주 선임 | F22: =[76]Result!$F$7 -> 49 | G22: =[76]Result!$G$7 -> 49 | H22: =[76]Result!$H$7 -> 1 | I22: =[76]Result!$I$7 -> 0.997 | J22: =[76]Result!$J$7 -> 0.997 | K22: =[76]Result!$K$7 -> - | L22: =[76]Result!$L$7 -> 0 | M22: =[76]Result!$M$7 -> 0 | N22: =[76]Result!$N$7 -> - | O22: =[76]Result!$O$7 -> - | P22: =[76]Result!$P$7 -> 41 | Q22: =[76]Result!$Q$7 -> 41 | R22: =[76]Result!$R$7 -> 1 | S22: =[76]Result!$S$7 -> - | T22: =[76]Result!$S$2 -> REV01 | U22: =[76]Result!$S$3 -> d053 | V22: =[76]Result!$T$7 -> RTL: POST: FPGA:
B23: 16 | C23: =#REF! -> #REF! | D23: =#REF! -> #REF! | E23: =#REF! -> #REF! | F23: =#REF! -> #REF! | G23: =#REF! -> #REF! | H23: =#REF! -> #REF! | I23: =#REF! -> #REF! | J23: =#REF! -> #REF! | ... V23: =#REF! -> #REF!
B24: 17 | C24: =[77]Result!$C$7 -> Timer | D24: =[77]Result!$D$7 -> 이종용 선임 | E24: =[77]Result!$E$7 -> 윤동준 선임 | F24: =[77]Result!$F$7 -> 15 | G24: =[77]Result!$G$7 -> 15 | H24: =[77]Result!$H$7 -> 1 | I24: =[77]Result!$I$7 -> 0.9377 | J24: =[77]Result!$J$7 -> 0.869 | K24: =[77]Result!$K$7 -> - | L24: =[77]Result!$L$7 -> 2 | M24: =[77]Result!$M$7 -> #REF! | N24: =[77]Result!$N$7 -> #REF! | O24: =[77]Result!$O$7 -> - | P24: =[77]Result!$P$7 -> 15 | Q24: =[77]Result!$Q$7 -> 15 | R24: =[77]Result!$R$7 -> 1 | S24: =[77]Result!$S$7 -> - | T24: =[77]Result!$S$2 -> REV01 | U24: =[77]Result!$S$3 -> XXXX | V24: =[77]Result!$T$7 -> RTL: POST: FPGA:
B25: 18 | C25: =[78]Result!$C$7 -> UART | D25: =[78]Result!$D$7 -> 이종용 선임 | E25: =[78]Result!$E$7 -> 윤동준 선임 | F25: =[78]Result!$F$7 -> 27 | G25: =[78]Result!$G$7 -> 27 | H25: =[78]Result!$H$7 -> 1 | I25: =[78]Result!$I$7 -> N/A | J25: =[78]Result!$J$7 -> N/A | K25: =[78]Result!$K$7 -> - | L25: =[78]Result!$L$7 -> 1 | M25: =[78]Result!$M$7 -> #REF! | N25: =[78]Result!$N$7 -> #REF! | O25: =[78]Result!$O$7 -> - | P25: =[78]Result!$P$7 -> 24 | Q25: =[78]Result!$Q$7 -> 24 | R25: =[78]Result!$R$7 -> 1 | S25: =[78]Result!$S$7 -> - | T25: =[78]Result!$S$2 -> REV01 | U25: =[78]Result!$S$3 -> XXXX | V25: =[78]Result!$T$7 -> RTL: 도입 IP 로 netlist model 이기에 RTL coverage 측정이 realistic 하지 않음.
B26: 19 | C26: =[79]Result!$C$7 -> GPIO | D26: =[79]Result!$D$7 -> 이종용 선임 | E26: =[79]Result!$E$7 -> 조성엽 책임 | F26: =[79]Result!$F$7 -> 14 | G26: =[79]Result!$G$7 -> 14 | H26: =[79]Result!$H$7 -> 1 | I26: =[79]Result!$I$7 -> N/A | J26: =[79]Result!$J$7 -> N/A | K26: =[79]Result!$K$7 -> - | L26: =[79]Result!$L$7 -> 1 | M26: =[79]Result!$M$7 -> #REF! | N26: =[79]Result!$N$7 -> #REF! | O26: =[79]Result!$O$7 -> - | P26: =[79]Result!$P$7 -> 15 | Q26: =[79]Result!$Q$7 -> #REF! | R26: =[79]Result!$R$7 -> #REF! | S26: =[79]Result!$S$7 -> - | T26: =[79]Result!$S$2 -> REV01 | U26: =[79]Result!$S$3 -> XXXX | V26: =[79]Result!$T$7 -> RTL: 도입 IP로 netlist model이기에 RTL coverage 측정이 realistic 하지 않음.
B27: 20 | C27: =[80]Result!$C$7 -> System Register | D27: =[80]Result!$D$7 -> 지미옥 책임 | E27: =[80]Result!$E$7 -> 지미옥 책임 | F27: =[80]Result!$F$7 -> 84 | G27: =[80]Result!$G$7 -> 84 | H27: =[80]Result!$H$7 -> 1 | I27: =[80]Result!$I$7 -> 0.82 | J27: =[80]Result!$J$7 -> 0.8 | K27: =[80]Result!$K$7 -> - | L27: =[80]Result!$L$7 -> 0 | M27: =[80]Result!$M$7 -> 0 | N27: =[80]Result!$N$7 -> - | O27: =[80]Result!$O$7 -> - | P27: =[80]Result!$P$7 -> 7 | Q27: =[80]Result!$Q$7 -> 6 | R27: =[80]Result!$R$7 -> 0.85714286 | S27: =[80]Result!$S$7 -> - | T27: =[80]Result!$S$2 -> REV01 | U27: =[80]Result!$S$3 -> XXXX | V27: =[80]Result!$T$7 -> RTL: control register 들로 이루어져, coverage 가 낮음. POST: FPGA: Register Read Write test 만 가능
B28: 21 | C28: =[81]Result!$C$7 -> PMU | D28: =[81]Result!$D$7 -> 지미옥 책임 | E28: =[81]Result!$E$7 -> 정재형 책임 | F28: =[81]Result!$F$7 -> 94 | G28: =[81]Result!$G$7 -> 77 | H28: =[81]Result!$H$7 -> 0.81914894 | I28: =[81]Result!$I$7 -> 0.92 | J28: =[81]Result!$J$7 -> 0.91 | K28: =[81]Result!$K$7 -> - | L28: =[81]Result!$L$7 -> 0 | M28: =[81]Result!$M$7 -> 0 | N28: =[81]Result!$N$7 -> - | O28: =[81]Result!$O$7 -> - | P28: =[81]Result!$P$7 -> 48 | Q28: =[81]Result!$Q$7 -> 25 | R28: =[81]Result!$R$7 -> 0.52083333 | S28: =[81]Result!$S$7 -> - | T28: =[81]Result!$S$2 -> REV01 | U28: =[81]Result!$S$3 -> dd79 | V28: =[81]Result!$T$7 -> RTL: F3 진행 중. POST: FPGA:
B29: 22 | C29: =[82]Result!$C$7 -> Clock Con | D29: =[82]Result!$D$7 -> 지미옥 책임 | E29: =[82]Result!$E$7 -> 지미옥 책임 | F29: =[82]Result!$F$7 -> 11 | G29: =[82]Result!$G$7 -> 11 | H29: =[82]Result!$H$7 -> 1 | I29: =[82]Result!$I$7 -> 0.91 | J29: =[82]Result!$J$7 -> 0.91 | K29: =[82]Result!$K$7 -> - | L29: =[82]Result!$L$7 -> 0 | M29: =[82]Result!$M$7 -> 0 | N29: =[82]Result!$N$7 -> - | O29: =[82]Result!$O$7 -> - | P29: =[82]Result!$P$7 -> N/A | Q29: =[82]Result!$Q$7 -> N/A | R29: =[82]Result!$R$7 -> N/A | S29: =[82]Result!$S$7 -> - | T29: =[82]Result!$S$2 -> REV01 | U29: =[82]Result!$S$3 -> XXXX | V29: =[82]Result!$T$7 -> RTL: POST: FPGA: test 불가능
B30: 23 | C30: =[83]Result!$C$7 -> Reset Con | D30: =[83]Result!$D$7 -> 지미옥 책임 | E30: =[83]Result!$E$7 -> 지미옥 책임 | F30: =[83]Result!$F$7 -> 14 | G30: =[83]Result!$G$7 -> 14 | H30: =[83]Result!$H$7 -> 1 | I30: =[83]Result!$I$7 -> 0.83 | J30: =[83]Result!$J$7 -> 0.81 | K30: =[83]Result!$K$7 -> - | L30: =[83]Result!$L$7 -> 0 | M30: =[83]Result!$M$7 -> 0 | N30: =[83]Result!$N$7 -> - | O30: =[83]Result!$O$7 -> - | P30: =[83]Result!$P$7 -> 6 | Q30: =[83]Result!$Q$7 -> 5 | R30: =[83]Result!$R$7 -> 0.83333333 | S30: =[83]Result!$S$7 -> - | T30: =[83]Result!$S$2 -> REV01 | U30: =[83]Result!$S$3 -> XXXX | V30: =[83]Result!$T$7 -> RTL: 1) F1/F3 coverage : test mode 가 off 되어있어, coverage 에 반영 안됨. (test mode 는 test coverage 로 check 됨.) POST: FPGA:
B31: 24 | C31: =[84]Result!$C$7 -> M-PHY | D31: =[84]Result!$D$7 -> 김현욱 선임 | E31: =[84]Result!$E$7 -> 김현욱 선임 | F31: =[84]Result!$F$7 -> 30 | G31: =[84]Result!$G$7 -> 26 | H31: =[84]Result!$H$7 -> 0.86666667 | I31: =[84]Result!$I$7 -> N/A | J31: =[84]Result!$J$7 -> N/A | K31: =[84]Result!$K$7 -> - | L31: =[84]Result!$L$7 -> 0 | M31: =[84]Result!$M$7 -> 0 | N31: =[84]Result!$N$7 -> - | O31: =[84]Result!$O$7 -> - | P31: =[84]Result!$P$7 -> N/A | Q31: =[84]Result!$Q$7 -> N/A | R31: =[84]Result!$R$7 -> N/A | S31: =[84]Result!$S$7 -> - | T31: =[84]Result!$S$2 -> REV01 | U31: =[84]Result!$S$3 -> XXXX | V31: =[84]Result!$T$7 -> RTL: POST: FPGA:
B32: 25 | C32: =[85]Result!$C$7 -> Nand PHY | D32: =[85]Result!$D$7 -> 천동엽 선임 | E32: =[85]Result!$E$7 -> 천동엽 선임 | F32: =[85]Result!$F$7 -> 5 | G32: =[85]Result!$G$7 -> 5 | H32: =[85]Result!$H$7 -> 1 | I32: =[85]Result!$I$7 -> N/A | J32: =[85]Result!$J$7 -> N/A | K32: =[85]Result!$K$7 -> - | L32: =[85]Result!$L$7 -> 0 | M32: =[85]Result!$M$7 -> 0 | N32: =[85]Result!$N$7 -> - | O32: =[85]Result!$O$7 -> - | P32: =[85]Result!$P$7 -> N/A | Q32: =[85]Result!$Q$7 -> N/A | R32: =[85]Result!$R$7 -> N/A | S32: =[85]Result!$S$7 -> - | T32: =[85]Result!$S$2 -> REV01 | U32: =[85]Result!$S$3 -> XXXX | V32: =[85]Result!$T$7 -> RTL: POST: FPGA:
B33: 26 | C33: =[86]Result!$C$7 -> ONFI IO | D33: =[86]Result!$D$7 -> 안레센 선임 | E33: =[86]Result!$E$7 -> 안레센 선임 | F33: =[86]Result!$F$7 -> 7 | G33: =[86]Result!$G$7 -> 7 | H33: =[86]Result!$H$7 -> 1 | I33: =[86]Result!$I$7 -> 0.72 | J33: =[86]Result!$J$7 -> 0.72 | K33: =[86]Result!$K$7 -> - | L33: =[86]Result!$L$7 -> 0 | M33: =[86]Result!$M$7 -> 0 | N33: =[86]Result!$N$7 -> - | O33: =[86]Result!$O$7 -> - | P33: =[86]Result!$P$7 -> N/A | Q33: =[86]Result!$Q$7 -> N/A | R33: =[86]Result!$R$7 -> N/A | S33: =[86]Result!$S$7 -> - | T33: =[86]Result!$S$2 -> REV01 | U33: =[86]Result!$S$3 -> XXXX | V33: =[86]Result!$T$7 -> IO 계약이 진행 중 / 추후 update하겠음 RTL: POST: FPGA:
B34: 27 | C34: =[87]Result!$C$7 -> Test IO Mux | D34: =[87]Result!$D$7 -> 이광순 선임 | E34: =[87]Result!$E$7 -> 이광순 선임 | F34: =[87]Result!$F$7 -> 14 | G34: =[87]Result!$G$7 -> 14 | H34: =[87]Result!$H$7 -> 1 | I34: =[87]Result!$I$7 -> N/A | J34: =[87]Result!$J$7 -> 0.88 | K34: =[87]Result!$K$7 -> - | L34: =[87]Result!$L$7 -> 0 | M34: =[87]Result!$M$7 -> 0 | N34: =[87]Result!$N$7 -> - | O34: =[87]Result!$O$7 -> - | P34: =[87]Result!$P$7 -> N/A | Q34: =[87]Result!$Q$7 -> N/A | R34: =[87]Result!$R$7 -> N/A | S34: =[87]Result!$S$7 -> - | T34: =[87]Result!$S$2 -> REV01 | U34: =[87]Result!$S$3 -> XXXX | V34: =[87]Result!$T$7 -> RTL: coverage -> expression 기준 POST: FPGA: N/A
B35: 28 | C35: =[88]Result!$C$7 -> eFuse Con | D35: =[88]Result!$D$7 -> 박재한 책임 | E35: =[88]Result!$E$7 -> 박재한 책임 | F35: =[88]Result!$F$7 -> 10 | G35: =[88]Result!$G$7 -> 10 | H35: =[88]Result!$H$7 -> 1 | I35: =[88]Result!$I$7 -> 0.95 | J35: =[88]Result!$J$7 -> 0.95 | K35: =[88]Result!$K$7 -> - | L35: =[88]Result!$L$7 -> 3 | M35: =[88]Result!$M$7 -> 0 | N35: =[88]Result!$N$7 -> 0 | O35: =[88]Result!$O$7 -> - | P35: =[88]Result!$P$7 -> 5 | Q35: =[88]Result!$Q$7 -> 5 | R35: =[88]Result!$R$7 -> 1 | S35: =[88]Result!$S$7 -> - | T35: =[88]Result!$S$2 -> REV01 | U35: =[88]Result!$S$3 -> XXXX | V35: =[88]Result!$T$7 -> RTL: POST: FPGA:
B36: 29 | C36: =[89]Result!$C$7 -> HW Bypass | D36: =[89]Result!$D$7 -> 안영규 책임 | E36: =[89]Result!$E$7 -> 이광순 선임 | F36: =[89]Result!$F$7 -> 47 | G36: =[89]Result!$G$7 -> 47 | H36: =[89]Result!$H$7 -> 1 | I36: =[89]Result!$I$7 -> N/A | J36: =[89]Result!$J$7 -> N/A | K36: =[89]Result!$K$7 -> - | L36: =[89]Result!$L$7 -> 0 | M36: =[89]Result!$M$7 -> 0 | N36: =[89]Result!$N$7 -> - | O36: =[89]Result!$O$7 -> - | P36: =[89]Result!$P$7 -> N/A | Q36: =[89]Result!$Q$7 -> N/A | R36: =[89]Result!$R$7 -> N/A | S36: =[89]Result!$S$7 -> - | T36: =[89]Result!$S$2 -> REV01 | U36: =[89]Result!$S$3 -> XXXX | V36: =[89]Result!$T$7 -> RTL: POST: FPGA:
B37: 30 | C37: =[90]Result!$C$7 -> Analog IP | D37: =[90]Result!$D$7 -> 양창호 선임 | E37: =[90]Result!$E$7 -> 양창호 선임 | F37: =[90]Result!$F$7 -> 21 | G37: =[90]Result!$G$7 -> 19 | H37: =[90]Result!$H$7 -> 0.9047619 | I37: =[90]Result!$I$7 -> N/A | J37: =[90]Result!$J$7 -> N/A | K37: =[90]Result!$K$7 -> - | L37: =[90]Result!$L$7 -> N/A | M37: =[90]Result!$M$7 -> N/A | N37: =[90]Result!$N$7 -> N/A | O37: =[90]Result!$O$7 -> N/A | P37: =[90]Result!$P$7 -> N/A | Q37: =[90]Result!$Q$7 -> N/A | R37: =[90]Result!$R$7 -> N/A | S37: =[90]Result!$S$7 -> N/A | T37: =[90]Result!$S$2 -> REV01 | U37: =[90]Result!$S$3 -> XXXX | V37: =[90]Result!$T$7 -> RTL: POST: FPGA:
B38: 31 | C38: =[91]Result!$C$7 -> Token Gen | D38: =[91]Result!$D$7 -> 안레센 선임 | E38: =[91]Result!$E$7 -> 안레센 선임 | F38: =[91]Result!$F$7 -> 8 | G38: =[91]Result!$G$7 -> 8 | H38: =[91]Result!$H$7 -> 1 | I38: =[91]Result!$I$7 -> 0.72 | J38: =[91]Result!$J$7 -> 0.72 | K38: =[91]Result!$K$7 -> - | L38: =[91]Result!$L$7 -> 0 | M38: =[91]Result!$M$7 -> 0 | N38: =[91]Result!$N$7 -> - | O38: =[91]Result!$O$7 -> - | P38: =[91]Result!$P$7 -> N/A | Q38: =[91]Result!$Q$7 -> N/A | R38: =[91]Result!$R$7 -> N/A | S38: =[91]Result!$S$7 -> O | T38: =[91]Result!$S$2 -> REV01 | U38: =[91]Result!$S$3 -> XXXX | V38: =[91]Result!$T$7 -> RTL: POST: FPGA:
B39: Sub Sum | F39: =SUM(F8:F38) -> #REF! | G39: =SUM(G8:G38) -> #REF! | H39: - | I39: - | J39: - | L39: =SUM(L8:L38) -> #REF! | M39: =SUM(M8:M38) -> #REF! | N39: - | O39: - | P39: =SUM(P8:P38) -> #REF! | Q39: =SUM(Q8:Q38) -> #REF! | R39: -
B40: Sub Average | F40: =AVERAGE(F9:F38) -> #REF! | G40: =AVERAGE(G9:G38) -> #REF! | H40: =AVERAGE(H9:H38) -> #REF! | I40: =AVERAGE(I9:I38) -> #REF! | J40: =AVERAGE(J9:J38) -> #REF! | L40: =AVERAGE(L9:L38) -> #REF! | M40: =AVERAGE(M9:M38) -> #REF! | N40: =AVERAGE(N9:N38) -> #REF! | P40: =AVERAGE(P9:P38) -> #REF! | Q40: =AVERAGE(Q9:Q38) -> #REF! | R40: =AVERAGE(R9:R38) -> #REF!
B41: Total Item/Progress/Coverage | F41: =F39+L39+P39 -> #REF! | H41: =(G40+M40+Q40)/(F40+L40+P40) -> #REF! | J41: =I40 -> #REF!
C43: 해당 항목 완료 | D43: 1
D44: 0.9
B45: N/A | C45: 해당 사항 없음 | D45: 0.7
D46: 0.5
D47: 0

Sheet 임시_history(v1)
B2: Armstrong Verification Summary History
B4: Date | C4: Simulation Verification | M4: FPGA Verification | Q4: Remark
C5: RTL | I5: POST
C6: Cases | D6: Pass | E6: Prog | F6: Coverage SoC / S.A | H6: Done | I6: Cases | J6: Pass | K6: Prog | L6: Done | M6: Cases | N6: Pass | O6: Prog | P6: Done
B7: 41533 | C7: 21.193548 | D7: 3.8387097 | E7: 0.042882883 | F7: 0 | G7: 0 | I7: 0 | J7: 0 | K7: 0 | M7: 11.774194 | N7: 0 | O7: 0 | Q7: draft version
B8: 41548 | C8: 21.193548 | D8: 3.8387097 | E8: 0.042882883 | F8: 0 | G8: 0 | I8: 0 | J8: 0 | K8: 0 | M8: 11.774194 | N8: 0 | O8: 0
B9: 41568 | C9: 24.612903 | D9: 7.8709677 | E9: 0.35371903 | F9: 0 | G9: 0.11032258 | I9: 0 | J9: 0 | K9: 0 | M9: 12.096774 | N9: 0 | O9: 0
B10: 41574 | C10: 25.193548 | D10: 8.516129 | E10: 0.42027639 | F10: 0 | G10: 0.12774194 | I10: 0 | J10: 0 | K10: 0 | M10: 12.096774 | N10: 0 | O10: 0
B11: 41582 | C11: 25.741935 | D11: 13.354839 | E11: 0.51085412 | F11: 0 | G11: 0.21096774 | I11: 0 | J11: 0 | K11: 0 | M11: 11.774194 | N11: 0 | O11: 0
B12: 41586 | C12: 30.741935 | D12: 17.967742 | E12: 0.57702303 | F12: 0.027741935 | G12: 0.39935484 | I12: 0 | J12: 0 | K12: 0 | M12: 11.870968 | N12: 0 | O12: 0
B13: 41589 | C13: 31.064516 | D13: 18.322581 | E13: 0.58473524 | F13: 0.027741935 | G13: 0.47866667 | I13: 0 | J13: 0 | K13: 0 | M13: 11.870968 | N13: 0 | O13: 0
B14: 41596 | C14: 31.129032 | D14: 19.580645 | E14: 0.62995453 | F14: 0.027741935 | G14: 0.50033333 | I14: 0 | J14: 0 | K14: 0 | M14: 12.258065 | N14: 0.12903226 | O14: 0.037037037
B15: 41603 | C15: 31.645161 | D15: 20.032258 | E15: 0.63863236 | F15: 0.027741935 | G15: 0.50033333 | I15: 0 | J15: 0 | K15: 0 | M15: 15.322581 | N15: 1.6774194 | O15: 0.083859649
B16: 41604 | C16: 32.129032 | D16: 19.709677 | E16: 0.6366526 | F16: 0.027741935 | G16: 0.50033333 | I16: 0 | J16: 0 | K16: 0 | M16: 16.225806 | N16: 2.4516129 | O16: 0.15235817
B17: 41607 | C17: 31.935484 | D17: 20.516129 | E17: 0.67063932 | F17: 0.027741935 | G17: 0.47433333 | I17: 0 | J17: 0 | K17: 0 | M17: 15.548387 | N17: 2.516129 | O17: 0.13904762
B18: 41610 | C18: 31.967742 | D18: 20.806452 | E18: 0.67291684 | F18: 0.027741935 | G18: 0.47433333 | I18: 0 | J18: 0 | K18: 0 | M18: 15.709677 | N18: 3.0967742 | O18: 0.15429487
B19: 41613 | C19: 34.193548 | D19: 24.322581 | E19: 0.58809226 | F19: 0.027741935 | G19: 0.47433333 | I19: 0.096774194 | J19: 0 | K19: 0 | M19: 16.258065 | N19: 3.4193548 | O19: 0.1393956
... B43: 41719 | C43: 44.633333 | D43: 42.566667 | E43: 0.98084292 | F43: 0.90270952 | G43: 0.90145 | I43: 0.10344828 | J43: 0 | K43: 0 | M43: 32.25 | N43: 29.85 | O43: 0.93791452
B44: ='임시_Summary(v1)'!$D$3 -> 41733 | C44: ='임시_Summary(v1)'!$F$40 -> #REF! | D44: ='임시_Summary(v1)'!$G$40 -> #REF! | E44: ='임시_Summary(v1)'!$H$40 -> #REF! | F44: ='임시_Summary(v1)'!$I$40 -> #REF! | G44: ='임시_Summary(v1)'!$J$40 -> #REF! | I44: ='임시_Summary(v1)'!$L$40 -> #REF! | J44: ='임시_Summary(v1)'!$M$40 -> #REF! | K44: ='임시_Summary(v1)'!$N$40 -> #REF! | M44: ='임시_Summary(v1)'!$P$40 -> #REF! | N44: ='임시_Summary(v1)'!$Q$40 -> #REF! | O44: ='임시_Summary(v1)'!$R$40 -> #REF!
